знаки hd,1108
знаки смотреть hd,535
знаки онлайн hd,368
знаки смотреть онлайн hd,363
знаки фильм hd,354
знаки в качестве hd,347
знаки hd 1080,328
смотреть фильм знаки hd,304
фильм знаки онлайн hd,282
знаки фильм смотреть онлайн hd,279
знаки hd 720,251
знаки 2002 hd,242
знаки 2002 смотреть онлайн hd,233
знаки смотреть hd 720,213
знаки фильм 2002 смотреть онлайн hd,209
знаки смотреть онлайн hd 720,199
знаки фильм hd 720,142
знаки фильм смотреть онлайн hd 720,134
знаки фильм смотреть онлайн hd 1080,132
знаки фильм 2002 смотреть онлайн hd 1080,130
знаки 2002 hd 720,99
фильм знаки 2002 смотреть онлайн 720 hd,78
смотреть фильм знаки в hd качестве,75
full hd знак,32
знаки зодиака hd,25
знаки судьбы hd,24
intel hd graphics восклицательный знак,14
хендай hd 78 горит восклицательный знак,7
капот hd,240
капот элантра hd,59
капот hyundai hd,35
капот hd 78,38
капот elantra hd,35
капот хендай элантра hd,35
капот хендай hd 78,27
капот hyundai elantra hd,20
капот hd 120,16
капот хендай hd 72,11
капот хендай hd 78 каталожный номер,5
кольцо hd,40156
властелин колец hd,35591
смотреть кольцо hd,32220
властелин колец смотреть hd,28621
властелин колец hd 1080,23958
кольцо смотреть онлайн hd,23980
властелин колец онлайн hd,21840
властелин колец смотреть онлайн hd,21611
кольцо в hd качестве,17208
властелин колец hd качестве,15348
властелин колец в хорошем качестве hd,13838
властелин колец онлайн hd 1080,13687
властелин колец смотреть онлайн hd 1080,13578
смотреть hd качестве властелин колец,12182
властелин колец смотреть в хорошем качестве hd,11235
властелин колец качестве hd 1080,9667
властелин колец в хорошем качестве hd 1080,9352
смотреть властелин колец в 1080 hd,8992
властелин колец 1 hd,7168
властелин колец онлайн hd качестве,6996
властелин колец смотреть онлайн hd качество,6710
кольцо смотреть онлайн hd 720,6601
смотреть властелин колец 1 hd,6309
