аккумулятор porter;149
hyundai porter аккумулятор;114
аккумулятор porter 1;43
аккумулятор hyundai porter 1;36
защита для аккумулятора на hyundai porter 2007;6
амортизатор задний porter 1;9
porter объем бака;8
бампер porter;31
бампер hyundai porter;24
porter блоки;83
блок предохранителей porter;25
блок предохранителей hyundai porter;15
porter блок цилиндров;14
боковое стекло hyundai porter 2;21
боковое стекло на hyundai porter;20
моменты затяжки болтов 1dz hyundai porter;6
гбц porter;60
гбц hyundai porter;31
какое выступание форкамеры гбц hyundai porter;7
генератор porter;140
генератор hyundai porter;96
генератор porter 1;56
генератор hyundai porter 1;38
ремень генератора porter;15
генератор porter 2;13
защита генератора hyundai porter 1;5
porter глушитель;20
глушитель hyundai porter;11
hyundai porter h100 глушитель;5
давление в шинах hyundai porter;14
porter 2 давление в шинах;12
porters двери;130
hyundai porter двери;57
двигатель porter;293
двигатель hyundai porter;233
двигатель porter 2;56
hyundai двигатель porter 2;51
двигатель porter 1;24
двигатель hyundai porter купить;23
двигатель d4bf porter;22
hyundai porter двигатель d4bf;21
держатель душа porter;42
держатель porter s 28331000;10
диски porter;126
диски hyundai porter;80
диски porter 1;29
домкрат hyundai porter;6
зеркала porter;44
зеркало hyundai porter;21
инструменты porter cable;25
porter cable инструмент отзывы;11
кабина porter;75
hyundai porter кабина;57
кабина porter 2;26
кабина hyundai porter 2;21
купить кабину hyundai porter 2;8
hyundai porter 1 кабина;7
капот porter;15
клапан задержки сцепления porter;8
колеса porter;101
hyundai porter колеса;67
колодки задние porter;34
колодки передние porter;31
hyundai porter тормозные колодки;15
hyundai porter 2 замена задних колодок;5
23040 42850 кольца поршневые porter ypr korea;11
компрессор кондиционера hyundai porter разборка;5
крестовина porter;27
кузов porter;114
hyundai porter кузов;77
porter размер кузова;33
hyundai porter размеры кузова;28
porter объем кузова;15
hyundai porter объем кузова;6
hyundai porter габариты кузова;6
кузов porter б у;6
hyundai porter длина кузова;5
ну hyundai porter 1 настроить тросики кулисы;9
лампы hyundai porter;23
porter масло;187
hyundai porter масло;123
замена масла porter;12
мкпп hyundai porter;12
ama porter насосы;46
топливный насос porter;29
насос топливный porter 1;11
топливный насос hyundai porter чертеж;7
печка porter;71
реле поворотов porter;26
проводка указателя поворотов 923014b123 oem porter портер;5
передние подкрылки на hyundai porter 1 купить;7
подкрылок задний правый porter портер 1;7
помпа porter;29
помпа hyundai porter;21
hyundai porter предохранители;74
предохранители hyundai porter 1;20
hyundai porter схема предохранителей;12
радиатор porter;90
hyundai porter радиатор;63
радиатор porter 1;24
porter распредвал;39
hyundai porter 2 передний редуктор;7
ремень грм porter;25
porter рессора;88
рессора hyundai porter;49
hyundai porter задние рессоры;17
porter руль;29
руль hyundai porter;15
рычаги porter;54
рычаг верхний левый 544104b000 porter портер;8
porter салон;58
hyundai porter салон;37
hyundai porter сиденья;17
спидометр porter;61
замена тросика спидометра porter;10
стартер porter;99
hyundai porter стартер;70
стартер porter 1;25
стартер на hyundai porter 1;8
стекло hyundai porter;152
стекло лобовое porter;66
лобовое стекло hyundai porter;55
стекло на hyundai porter 2;26
лобовое стекло на hyundai porter 2;11
стеклоподъемник porter;16
ступица porter;57
сцепление porter;118
сцепление hyundai porter;49
сцепление porter 1;29
сцепление porter 2;25
porter замена сцепления;9
тнвд porter;145
тнвд hyundai porter;92
тнвд porter 1;30
тнвд hyundai porter 1;21
ремонт тнвд hyundai porter;12
тнвд porter tagaz;11
тнвд porter tagaz таганрог;9
porter расход топлива;78
hyundai porter расход топлива;70
hyundai porter расход топлива на 100 км;22
не работает индикатор уровня топлива hyundai porter;5
турбина porter;86
турбина hyundai porter;56
турбина porter 1;24
фара porter;93
фара hyundai porter;54
фильтры hyundai porter;169
фильтр топливный porter;87
фильтр масляный porter;78
фильтр воздушный porter;58
hyundai porter масляный фильтр;48
фильтр топливный hyundai porter;48
воздушный фильтр hyundai porter;35
фильтр топливный porter 2;19
фильтр масляный porter тагаз;18
топливный фильтр porter 1;12
фильтр воздушный porter 1;9
фильтр масляный porter 1;8
фонарь задний porter;42
фонарь hyundai porter;36
hyundai porter задние фонари;30
форсунка porter;97
форсунки hyundai porter;51
форсунка porter 2;21
форсунки porter 1;16
форсунка топливная porter;8
шина porter;158
hyundai porter шины;115
шинах hyundai porter б у;17
шины hyundai porter 2;16
акб на портер;118
акб портер 2;55
акб на портер 1;50
акб на хендай портер;37
ящик акб портер;27
акб хундай портер;17
акб портер 1 тагаз;15
акб на хендай портер 1;12
хендай портер 1 провод акб плюс цена;10
ящик акб портер 2;8
ящик акб портер 1;5
аккумулятор на портер;633
аккумулятор на портер 1;318
аккумулятор на хендай портер;261
хендай портер какой аккумулятор;145
какой аккумулятор на портере;144
купить аккумулятор на портер;135
аккумулятор на хендай портер 1;120
портер 1 аккумулятор какой;120
аккумулятор на портер 2;86
хендай портер купить аккумулятор;82
купить аккумулятор на портер 1;77
портер защита аккумуляторов;76
какой аккумулятор на хендай портер 1;51
аккумулятор на хендай портер 2;49
портер провод аккумулятора;40
ящик для аккумулятора на портер;35
аккумулятор портер тагаз;34
хендай портер 1 купить аккумулятор;33
какой аккумулятор нужен на портер;30
какой аккумулятор стоит на портере;30
аккумулятор хундай портер;27
защита аккумулятора портер 1;22
аккумулятор на хендай портер 1 какой нужен;16
какой аккумулятор стоит на хендай портер 2;11
аккумулятор на портер 1 размеры;10
плюсовой провод аккумулятора портер 1;10
аккумулятор на портер 1 купить новый;10
аккумулятор на портер 1 характеристики;9
купить подольский аккумулятор на портер;9
хендай портер 2 аккумулятор емкость;8
аккумулятор для портера 1 параметры;8
какой аккумулятор стоит на портер 1;8
емкость и параметры аккумулятора портер 2;8
аккумулятор на портер 1 какие идут;7
ящик для аккумулятора на портер 1 купить;7
аккумулятор автомобильный портер 1 какой лучше отзывы;7
на портер 1 защита аккумулятора цена фото;6
защита на аккумулятор для хендай портер 2;6
портер 1 не заряжает аккумулятор;5
амортизатор портер;299
амортизаторы портер 1;171
амортизатор хендай портер;97
амортизатор портер задний;93
амортизатор передний портер;78
амортизаторы хендай портер 1;56
амортизатор задний портер 1;51
амортизатор передний портер 1;42
амортизатор задний хендай портер;38
портер замена амортизаторов;29
амортизаторы портер тагаз;27
втулка амортизатора портер;24
амортизаторы портер 2;22
хендай портер 1 задние амортизаторы;21
амортизатор задний портер тагаз;7
портер 1 замена передних амортизаторов;7
хендай портер 1 оторвало задание амортизатор;5
бак портера;600
бак хендай портер;214
бак портер 1;195
топливный бак портер;175
объем бака портер;172
бак портер 2;144
объем бака хендай портер;73
портер 2 топливный бак;67
объем бака портер 1;64
топливный бак хендай портер;62
крышка бака портер;49
топливный бак портер 1;49
объем бака портер 2;41
объем топливного бака портер;36
портер бак датчик;35
крышка топливного бака портер;25
объем бака хендай портер 2;23
хендай портер объем топливного бака;22
сколько литров бак портер 1;21
объем бака хендай портер 1;20
крышка бака портер 1;19
хендай портер бак сколько литров;17
объем топливного бака портер 1;12
крышка топливного бака портер 1;10
крышка бака хендай портер;10
как снять топливный бак хендай портер;10
сколько бак у портера 1;8
хендай портер 1 объем бака топливного;7
объем бака хундай портер;6
метки на баке портер;6
пробка топливного бака портер;6
балка хендай портер иркутск;9
бампер портера;455
бампер портер 1;193
бампер хендай портер;174
бампер портер 2;169
передний бампер портер;119
купить бампер портер;102
хендай портер бампер передний;78
бампер хендай портер 1;74
бампер хендай портер 2;57
передний бампер портер 1;51
передний бампер портер 2;48
бампер портер 2 купить;47
как снять бампер портер;42
усилитель бампера портер;42
усилитель бампера портер 1;35
бампер портер 1 бу;34
бампер передний хендай портер 1;33
купить бампер на портер 1;23
бу бампер на портер;22
купить бампер хендай портер 2;20
хендай портер 1 усилитель переднего бампера;20
как снимать бампер хендай портер;19
как снять бампер портер 1;16
купить бампер портер 2 бу;14
хендай портер как снять передний бампер;13
бампер на портер 2 бу;13
бампер хендай портер 1 бу купить;8
хендай портер 1 усилитель переднего бампера автотрейд;8
портер 1 бампер цена;6
тормозные барабаны портер;118
задний барабан портер;90
барабан портер 2;85
барабан портер 1;76
барабан тормозной портер 2;45
портер 1 тормозные барабаны;43
барабан задний портер 2;40
тормозные барабаны хендай портер;31
барабан портер тагаз;27
барабан задний портер 1;25
барабан тормозной задний на портер 2;14
купить барабан тормозной на портер 2;8
бачок омывателя портер;102
расширительный бачок портер;85
бачок тормозной жидкости портер;54
бачок омывателя портер 1;41
расширительный бачок портер 1;37
расширительный бачок хендай портер;34
хендай портер бачок тормозной жидкости;27
портер тормозной бачок где находится;24
где расширительный бачок хендай портер;22
бачок тормозной жидкости портер 1;19
расширительный бачок хендай портер 1;19
бачок антифриза портер 1;13
где находится бачок омывателя хендай портер;9
расширительный бачок хендай портер где стоит;8
где в портере бачок сцепления;7
бачок сцепления хендай портер 2;6
место расположения тормозного бачка портер 2008 г;6
хендай портер относится бачок;5
бендикс портер;67
бендикс портер 2;38
бендикс стартера портер;24
бендикс портер 1;19
блоки портер;944
блок портер 1;428
блок предохранителей портер;306
блок предохранителей портер 1;152
блок цилиндров портер;148
головка блока портер;139
хендай портер блок предохранителей;123
блок управления портер;113
блок на хендай портер;83
блок цилиндров портер 1;77
головка блока портер 1;70
головка блока цилиндров портер;66
купить блоки портер;60
хендай портер блок цилиндров;54
блок двигателя портер;54
портер 2 блок предохранителей;46
блок на хендай портер 1;44
блок предохранителей хендай портер 1;43
портер хендай головка блока;42
блок предохранителей портер схема;40
головка блока цилиндров портер 1;33
силовой блок предохранителей портер;31
схема блока предохранителей портер 1;27
блок предохранителей хендай портер 2;25
головка блока цилиндров хендай портер;23
блок цилиндров хендай портер 1;23
блок двигателя портер 1;22
хендай портер блок предохранителей где;21
блок предохранителей портер тагаз;20
блок силовых предохранителей портер 1;17
блок предохранителей портер 1 тагаз;17
хендай портер блок предохранителей схема;15
головка блока хендай портер 1;15
блок управления свечами накаливания портер 2;15
купить блок на портер 1;15
головка блока цилиндров хендай портер 1;9
блок предохранителей портер 1 где находится;9
блок предохранителей хендай портер 1 схема;9
блок цилиндров портер 1 купить;8
блок управления печкой портер 1 снять;8
заглушка блока цилиндров портер 1;7
где находится блок предохранителей портер 2;7
как заменить блок предохранителей на портер;6
блок цилиндров портер 1 бу цена;5
боковые зеркала портер;74
боковое стекло портер;42
боковые зеркала портер 1;39
боковое зеркало хендай портер;31
боковое стекло хендай портер;16
стекло на портер 1 боковое;5
болт гбц портер;48
болты генератора портер;39
болты для портера;22
болт генератора портер 1;18
болт гбц портер 1;16
болт рессоры портер;15
замена анкерных болтов на хундай портер;6
порядок затяжки болтов гбц портер 1;5
брызговик портер;39
вал карданный портер;99
балансировочный вал портер;93
первичный вал портер;76
вал рулевой портер;64
балансировочный вал портер 1;46
карданный вал хендай портер;42
первичный вал портер 1;41
вал карданный портер 1;33
подшипник первичного вала портер;29
сальник балансировочного вала портер;28
крестовина карданного вала портер;24
рулевой вал портер 2;24
карданный вал портер 2;17
датчик частоты вращения вала тнвд портер;15
подшипник первичного вала портер 1;14
вал коленчатый портер;13
ремень балансировочного вала портер;12
сальник балансировочного вала портер 1;12
втулка балансировочного вала портер 1;8
люфт вала тнвд портер 1;8
датчик частоты вращения вала np тнвд портер;8
крестовина карданного вала портер 1;7
крестовина рулевого вала портер 2;7
хвостовик вилка карданного вала хендай портер 2000г;6
купить промежуточный вал на портер 1;5
вентилятор портер;134
вентилятор печки хендай портер 1;9
вилки портер;134
вилка сцепления портер;48
вилка сцепления портер 1;19
хвостовик вилка мкпп хендай портер 2000г;14
опорный шар вилки сцепления портер;10
вискомуфта портер;35
вискомуфта портер 1;25
вискомуфта хендай портер;6
вкладыши портер;118
вкладыши портер 1;52
вкладыши шатунные портер 1;12
коренной вкладыш на портере;6
датчик температуры воздуха портер;48
датчик воздуха портер 2;43
датчик температуры воздуха портер 2;27
портер 2 датчик расхода воздуха;12
хендай портер 1 не переключается направления воздуха;6
втулки портер;320
втулка рессоры портер;73
втулка стабилизатора портер;39
втулки рессор хендай портер;26
втулка рессоры портер 1;25
втулки стабилизатора портер тагаз;15
втулка стабилизатора портер 1;14
втулки рычага портер;13
втулки рессор портер тагаз;13
пластиковые втулки крепления запоров дверей фургона портер;6
портер газ;343
педаль газа портер;138
портер хендай газ;118
педаль газа портер 1;64
педаль газа хендай портер;49
датчик педали газа портер;35
датчик педали газа портер 1;21
хендай портер не реагирует на педаль газа;17
мотор джи купить педаль газа портер 1;6
портер 2 выгодно ли ставить газ;6
портер дергается при нажатии на педаль газа;5
гайка колеса портер;75
колесная гайка портер;61
гайка колеса портер 1;34
гайка колеса хендай портер 1;14
гайка колеса портер 2;12
гбц портер;819
гбц хендай портер;255
прокладка гбц портер;224
прокладка гбц портер 1;117
затяжка гбц портер;116
гбц портер тагаз;116
гбц портер купить;84
гбц на портер 1;80
гбц портер 2;79
момент затяжки гбц портер;76
прокладка гбц хендай портер;58
замена гбц портер;58
хендай портер затяжка гбц;57
затяжка гбц портер 1;55
гбц портер d4bf;48
гбц портер 1 купить;46
замена прокладки гбц портер;44
снятие гбц портер;43
момент затяжки гбц хендай портер;39
гбц хундай портер;37
момент затяжки гбц портер 1;33
хендай портер замена гбц;33
гбц для хендай портер 1;29
замена гбц портер 1;27
купить гбц хендай портер 1;27
замена прокладки гбц хендай портер;25
гбц портер 1 в сборе;23
прокладка гбц портер тагаз;23
ремонт гбц портер тагаз;22
гбц хендай портер 2;22
гбц для хендай портер 1 в москве;21
прокладка гбц хендай портер 1;19
момент затяжки гбц хендай портер 1;19
головка гбц портер;18
прокладка гбц портер 2;18
гбц портер 1 d4bf;18
замена прокладки гбц портер 1;18
снять гбц портер;13
гбц хендай портер 1 в сборе купить;12
порядок затяжки гбц портер 1;12
гбц на портер 1 купить в москве;11
прокладка гбц портер 1 d4bf;8
гбц портер выступающие клапана;7
ремонт гбц в подольске портер тагаз;6
гбц б у портер тагаз москва;5
генератор портер;1859
генератор портер 1;945
генератор хендай портер;598
генератор хендай портер 1;295
ремень генератора портер;234
генератор портер купить;221
генератор портер 2;197
купить генератор портер 1;147
генератор хундай портер;139
генератор портер тагаз;133
ремень генератора портер 1;114
генератор портер цена;90
ремень генератора хендай портер;86
снять генератор портер;71
ремонт генераторов портер;67
купить генератор хендай портер;61
замена генератора портер;58
щетки генератора портер;53
ремень генератора портер тагаз;51
шланг генератора портер;49
генератор хендай портер 2;49
генератор портер 1 тагаз;46
крепления генератора портер;45
ремень генератора хендай портер 1;41
генератор хендай портер тагаз;34
ремонт генератора хендай портер;34
провода генератора портер;34
генератор портер бу;33
реле генератора портер;31
шланг генератора портер 1;31
генератор на портер 1 цена;30
ремень генератора портер 2;30
бу генератор портер 1;29
снятие генератора портер;29
провод генератора портер 1;28
снять генератор портер 1;28
крепление генератора портер 1;25
сальник генератора портер;25
генератор портер 1 цена купить;24
ремонт генератора портер 1;24
схема генератора портер 1;23
замена генератора хендай портер;22
щетки генератора портер 1;21
замена генератора портер 1;20
замена ремня генератора портер;20
как снять генератор хендай портер;19
купить генератор на хендай портер 1;19
купить генератор хундай портер;18
генератор портер 1 артикул;17
подключение генератора хендай портер;17
щетки генератора портер 2;16
кронштейн генератора портер 1;16
генератор хендай портер цена;15
сальник генератора портер 1;15
предохранитель генератора портер 1;14
генератор портер 2 купить;14
генератор портер тагаз артикул;12
генератор в сборе портер 1;12
ремень генератора хендай портер 1 тагаз;11
кронштейн генератора портер 1 тагаз;10
реле генератора хендай портер 1;9
генератор портер 1 купить в москве;8
ремонт генератор портер два;8
защита генератора портер 1;7
хендай портер 1 генератор сколько стоит;7
проблемы с генератором портера н 100;7
снятие генератора портер 1;7
генератор на хундай портер 2 5 дизель;6
генератор на хендай портер 1 цена;6
генераторов новый хендай портер 1;5
ремень генератора портер тагаз артикул;5
нижняя крепления генератора хендай портер 1;5
купить сальник генератора на портер 1;5
замена гидрокомпенсаторов на хендай портер видео;6
хендай портер 1 как поменять гидрокомпенсаторы;6
гидроусилитель портер;132
гидроусилитель портер 1;78
гидроусилитель хендай портер;55
гидроусилитель руля портер;52
хендай портер гидроусилитель руля;18
ремень гидроусилителя портер 1;17
гидроусилитель портер 2;13
гильзы портер;28
глушитель портер;491
глушитель портер 1;243
хендай портер глушитель;144
глушитель портер 2;106
глушитель хендай портер 1;71
купить глушитель портер;69
глушитель портер задняя часть;46
глушитель портер 1 купить;36
глушитель портер тагаз;31
глушитель на портер 1 цена;29
глушитель хендай портер 2;27
купить глушитель хендай портер;27
задняя часть глушителя портер 1;22
глушитель в сборе портер 1;22
глушитель на хундай портер;20
глушитель хундай портер 1;17
купить глушитель портер 2;15
глушитель портер 2 средняя часть;15
хендай портер замена глушителя;13
хендай портер 1 глушитель в сборе цена;11
глушитель на портер 1 в сборе цена;10
глушитель хундай портер 2;7
глушитель портер 1 тагаз;7
резинки крепления глушителя на портер 1;7
замена шпилек глушителя хендай портер видео;5
головка портера;357
головка портер 1;159
головка хендай портер;99
головка хендай портер 1;34
головка портер 2;33
купить головку на портер 1;16
гофра портер 1;12
датчик давления портер;229
давление в шинах портер;227
датчик давление масла портер;131
давление в шинах хендай портер;114
давление в шинах портер 2;96
давление масла портер 1;84
датчик давления масла портер 1;70
давление в шинах портер 1;58
давление колес в портере;54
хендай портер датчик давления масла;54
давление шинах хендай портер 2;48
давление колес портер 2;38
датчик давления масла хендай портер 1;29
какое давление в шинах портер 2;29
хендай портер давление в колесах;28
давление шин хендай портер 1;26
датчик давления топлива портер 2;26
давление в колесах портер 1;12
датчик давления масла портер тагаз;9
хендай портер датчик аварийного давления масла;8
давление в шинах хендай портер 2 нормы;8
давление в колесах хендай портер 1;8
датчик давления топлива хендай портер;7
датчик портер;1686
датчик температуры портер;277
датчик масла портер;247
датчик топлива портер;219
датчик температуры портер 1;141
датчик масла портер 1;135
датчик коленвала портер;109
датчик уровня масла портер;97
датчик температуры хендай портер;90
датчик уровня топлива портер;90
датчик топлива хендай портер;78
топливный датчик портер;70
тнвд портер датчики;60
датчик заднего хода портер;60
датчик уровня масла портер 1;58
датчик температуры охлаждающей жидкости портер;55
датчик скорости портер;55
хендай портер 1 датчики масла;54
датчик коленвала портер 1;48
датчик воды портер;48
хендай портер датчик коленвала;48
датчик топлива хендай портер 1;47
датчик топливного фильтра портер;46
датчик температуры охлаждающей жидкости портер 1;43
датчик топлива на портер 1;41
хендай портер датчика уровня масла;40
датчик температуры хендай портер 1;39
датчик уровня топлива портер 1;37
датчик уровня топлива хендай портер;34
датчик тнвд портер 1;29
датчик заднего хода портер 1;24
датчик скорости хендай портер;22
датчик скорости портер 2;22
датчик холостого хода портер 1;21
топливный датчик хендай портер;20
датчик топливного фильтра портер 2;20
датчик уровня топлива хендай портер 1;20
датчик коленвала хендай портер 1;18
датчик воды портер 1;15
датчик уровня масла на хендай портер 1;14
датчик турбины портер;14
датчик заднего хода портер 2;13
датчик холостого хода хендай портер 1;13
датчик массового расхода портер 2;12
портер 2 воздушный датчик;12
датчик скорости портер 1;11
датчик заднего хода хендай портер 1;11
датчик топливного фильтра портер 1;11
поддон портер 1 с датчиком;10
датчик заднего хода портер тагаз;9
датчик егр хендай портер 1;9
датчик дроссельной заслонки хендай портер;8
датчик температуры портер 1 где стоит;7
датчик скорости портер 2 распиновка;7
портер 2 датчик температуры на 0;5
на хендай портер топливный насос датчик фильтр;5
двери портер;1187
дверь портер 1;370
двери хендай портер;366
ручка двери портер;284
дверь портер 2;229
портер дверь левая;183
дверь портер купить;123
ручка двери портер 1;118
дверь хендай портер 1;103
ручка двери хендай портер;96
двери хендай портер 2;88
ручка двери портер левая;88
замок двери портер;86
ручка двери портер наружная;86
дверь левая портер 1;81
хендай портер дверь левая;72
хундай двери портер;72
как открыть дверь портера без ключа;61
ручка двери внутренняя портер;59
купить дверь хендай портер;51
обшивка двери портер;50
как открыть дверь машины портер без ключа;50
ручка двери наружная портер 1;50
уплотнитель двери портер;48
ручка двери портер наружная левая;46
бу дверь портер;41
стекло двери портер;39
ручка двери портер тагаз;35
двери будку портер;32
дверь правая портер 1;31
уплотнитель двери портер 1;30
хендай портер обшивка двери;28
купить дверь на портер 1;27
ручка двери портер 1 наружная левая;26
замок двери портер 1;25
ручка двери хендай портер 1;24
обшивка двери портер 2;22
ручка двери хендай портер левая наружная;20
дверь правая на портер;20
хендай портер дверь правая;20
наклейки портер на двери;18
ручка двери портер наружная правая;18
двери портер 1 бу;17
замок двери хендай портер;16
внутренняя ручка двери портер 1;16
личинка двери портер 1;14
левая дверь хендай портер 2;12
ручка двери наружная правая портер 1;11
дверь портер 1 бу купить;10
б у двери на портер;10
петля двери портер 1;9
ручка двери внутренняя левая портер 1;9
обшивка двери портер 1;8
дверь левая портер тагаз;8
двери передней хендай портер 2;8
наклейки двери на хендай портер 2;8
ручка двери внутренняя портер тагаз;7
ручка двери наружняя левая портер 1;7
хендай портер ручка двери внутренняя левая;6
дверь на хендай портер 1 бу;6
замок двери левый портер;6
ручка двери хендай портер правая наружная;6
портер 2 2012 года замок двери личинка;6
дверь портер 2 уценка;5
двигатель портер;3837
хендай портер двигатель;1641
двигатель портер 1;1300
двигатель портер 2;719
двигатель хендай портер 1;544
купить двигатель портер;401
портер масло двигатель;367
двигатель хендай портер 2;289
номер двигателя портер;225
портер какой двигатель;194
хендай портер масло в двигатель;167
купить двигатель портер 1;166
ремонт портера двигателя;163
купить двигатель хендай портер;149
двигатель портер цена;133
новый двигатель портер;127
двигатель на хундай портер;126
двигатель портер тагаз;124
бу двигатель портер;120
портер объем двигателя;119
хендай портер какой двигатель;116
масло в двигатель портер 1;109
контрактные двигатели портер;107
номер двигателя хендай портер;103
номер двигателя портер 2;94
замена двигателя портер;91
портер сколько масла в двигателе;83
двигатели портер 2 купить;82
ремонт двигателя хендай портер;78
двигатель портер d4bf;77
двигатель хундай портер 2;75
купить портер бу двигатель;72
масло двигателя портер 2;71
портер 2 какой двигатель;69
портер объем масла в двигателе;64
двигатель портер купить новый;63
двигатель хендай портер 1 купить;61
двигатель бу хендай портер;59
ремонт двигателя портер 1;59
объем двигателя портер 1;56
хендай портер объем двигателя;56
хендай портер 1 масло в двигатель;55
бу двигатель портер 1;54
схема двигателя портер;54
двигатель хундай портер купить;54
двигатель на портер 1 цена;52
двигатель хендай портер цены;51
поддон двигателя портер;51
двигатель портер 2 d4cb;50
двигатель на портер 1 новый;50
контрактный двигатель хендай портер;48
где номер двигателя на портер;48
дизельный двигатель хендай портер;46
двигатель портер фото;44
двигатель портер 1 купить новый;43
хендай портер сколько масла в двигателе;43
б у двигатели портер;43
как снять двигатель портера;42
номер двигателя хендай портер 2;42
контрактный двигатель портер 1;41
двигатель портер 1 купить бу;41
хендай портер какое масло в двигатель;40
двигатель хендай портер тагаз;37
двигатель портер 2 126 л с;37
защита двигателя портер;36
купить двигатель хендай портер 2;33
хендай портер 2 масло в двигатель;33
фото двигателя хендай портер;32
хендай портер объем масла в двигателе;32
объем масла в двигателе портер 1;32
подушки двигателя портер 1;30
новый двигатель на хендай портер;30
где находится номер двигателя хендай портер;30
поддон двигателя портер 1;30
двигатель хендай портер купить новый;30
портер 1 сколько масла в двигателе;29
схема двигателя портер 1;29
портер н 100 двигатель;28
хендай портер двигатель d4bf;27
где находится номер двигателя портер 2;26
схема двигателя хендай портер;26
замена двигателя хендай портер;26
портер 2 объем двигателя;26
капремонт двигателя портер;25
ремонт двигателя хендай портер 1;24
двигатель портер 1 фото;23
номер двигателя на портер 1;23
портер стук в двигателе;23
двигатель хендай портер купить бу;22
двигатель портер характеристики;22
объем двигателя хендай портер 1;21
портер 2 сколько масла в двигателе;21
двигатель на хендай портер 1 цена;21
замена двигателя портер 1;21
ресурс двигателя портер;20
замена масла двигателе портер;20
контрактный двигатель хендай портер 1;20
купить двигатель контрактный портер 1;19
новый двигатель портер цена;19
снять двигатель портер 1;19
купить двигатель на хендай портер 1 новый;18
какой двигатель на портере 1;18
купить б у двигатель портер;18
номер двигателя хундай портер;17
схема двигателя хендай портер 1;16
номер двигателя хендай портер 1;16
хендай портер двигатель сколько стоит;15
двигатель хендай портер 1 бу;15
купить контрактный двигатель на портер;15
двигатель на портер 1 б у;15
объем масла в двигателе портер 2;15
снятие двигателя портер;15
хендай портер 1 фото двигателя;15
вес двигателя портер 1;14
авто ру москва хендай портер двигатель бу;14
где находится номер двигателя портер 1;14
двигатель на портер 1 новый цена;13
хендай портер стук в двигателе;13
снятие двигателя хендай портер;12
хендай портер двигатель 2 5 дизель;12
где номер двигателя на портере 1;12
как добраться до двигателя хендай портер;11
объем масла в двигателе хендай портер 1;11
двигатель d4bf портер купить;11
снять двигатель хундай портер;11
ремонт портер 2 двигатель;10
опора двигателя на портер 1;10
хендай портер ресурс двигателя;10
портер греется двигатель;10
ремонт двигателя хендай портер рф;9
от портера двигатель в делику 2 5 поставить;9
двигатель хендай портер 2 d4cb купить;9
хендай портер как снять двигатель;9
двигатель хундай портер 2 5 td d4bf;9
контрактный двигатель на портер 1 цена;8
течет масло с двигателя хендай портер 1;8
как снять двигатель портер 1 своими руками;8
ремонт двигателя портер 1 видео;7
двигатель хендай портер 1 купить бу;7
замена двигателя хендай портер 1;6
замена подушек двигателя портер 1 описание;6
контрактный двигатель портер 2;6
помогите найти номер двигателя на портере 2;5
хендай портер сколько обходится переборка двигателя;5
сколько ходит двигатель хендай портер 1;5
поменять коленвал на портере не снимая двигатель;5
капиталка двигателя хендай портер 1;5
дефлектор портер;36
дефлектор портер 1;14
дефлектор портер 2;13
дефлекторы хендай портер;12
диски на портер;697
диск хендай портер;539
диски портер купить;350
диски на портер 1;312
диски портер 2;288
диски хендай портер 1;232
диск тормозной портер;213
диск колесный портер;183
хендай портер диски купить;157
купить диски на портер 1;125
диск тормозной портер 1;119
диск сцепления портер;102
диски хендай портер 2;97
купить диски хендай портер 1;85
колесные диски хендай портер;84
диски хундай портер;81
тормозные диски хендай портер;79
бу диски на портер;77
диски колесные портер купить;72
диски колесные портер 1;70
диски задние портер;64
диски портер тагаз;60
купить диски портер 2;56
диски задние портер 2;49
литые диски портер;48
диск тормозной портер 2;45
купить бу диски на портер;43
тормозные диски хендай портер 1;42
замена тормозных дисков портер;40
диск сцепления хендай портер;35
диск на портер 1 бу;35
диск сцепления на портер 1;30
размер дисков портер 1;29
литые диски на портер 1;29
диск тормозной передний портер 1;28
хендай портер диски размер;28
хендай портер 2 диски купить;26
замена тормозных дисков портер 1;23
диски на портер 2 r13;22
диск тормозной портер тагаз;16
хендай портер литые диски;15
диск сцепления портер 2;15
штампованные диски на хендай портер;14
диски портер 2 r13 купить;13
диски на портер 2 r12;13
задний колесный диск на портер 2 бу;12
какие диски подходят на портер;12
диски на хендай портер 1 бу;10
хендай портер разболтовка дисков;9
литые диски на хендай портер 1;9
купить колесные диски хендай портер 1 тагаз;8
купить колесные диски на портер бу;7
диски для портер 1 аналог;7
диски 13 радиус усиленный на хендай портер;7
колпачки на диски портер 1 форум;6
разболтовка колесных дисков портер 1;5
диски на хендай портер 2 параметры;5
портер жидкости;496
охлаждающая жидкость портер;166
хендай портер тормозная жидкость;88
хендай портер охлаждающая жидкость;57
тормозная жидкость портер 1;48
жидкость гур портер;38
портер объем жидкости;25
жидкость гур портер 1;13
замена тормозной жидкости на хендай портер 2;10
хендай портер как залить тормозную жидкость;7
зажигания портер;456
зажигание портер 1;254
замок зажигания портер;167
замок зажигания портер 1;99
зажигание на хендай портер;59
реле зажигания портер;49
хендай портер замок зажигания;47
реле зажигания портер 1;42
зажигания хундай портер;31
зажигание портер 2;27
замок зажигания хендай портер 1;25
выставить зажигание портер 1;22
замок зажигания портер купить;17
замок зажигания портер 1 купить;14
замена замка зажигания портер 1;13
замок зажигания портер 2;9
хендай портер 1 5 92 года зажигание;8
замок зажигания на хендай портер дром;7
портер стук в раннем зажигание;7
как выставить зажигание на хендай портер 1;7
зазоры клапанов портер;95
зазоры клапанов портер 1;46
клапан хендай портер зазор;35
зазоры клапанов хендай портер 1;15
личинки замка портер;40
замок хундай портер;22
центральный замок на портер 1;5
запаска на портере;25
хендай портер запаска;24
снятие и установка запаски портер;7
дроссельная заслонка портер 2;10
защита портер 1;85
защита на портер;82
зеркала портер;609
зеркало на портер 1;180
зеркало хендай портер;172
зеркало портер 2;116
зеркало левое портер;73
купить зеркало на портер;69
зеркало на портер 1 купить;53
зеркала на портер с подогревом;51
левое зеркало хендай портер;40
зеркала на хендай портер 1;39
зеркало хендай портер 2;38
зеркала с подогревом на портер 1;37
купить зеркала с подогревом на портер 1;31
зеркало левое портер 1;28
зеркало портер тагаз;28
зеркало левое портер 2;26
зеркало заднего вида портер 1;23
зеркала на портер с выносом;23
правое зеркало на портер;22
купить зеркало портер 2;20
зеркала на портер 1 с выносом;19
обогрев зеркал портер 1;18
зеркало правое портер 1;13
зеркало портер 2 электрическое с подогревом;10
кронштейн зеркала портер 1;9
зеркала на портер 1 с выносом купить;6
крепление зеркала на портер 1;6
портер инструмент;130
ценностей портера это инструмент стратегического анализа;51
ценностей м портера это инструмент стратегического анализа;38
портер кабле инструмент;12
портер кабле инструмент купить;5
интеркулер портер;87
интеркулер портер 2;52
кабина портер;1238
кабина портер 1;390
кабина хендай портер;387
кабина портер 2;355
кабина куплю портер;209
кабина хендай портер 1;111
кабина хундай портер;89
кабина хендай портер 2;87
кабина б у портер;76
кабина портер 2 купить;67
портер дубль кабина;65
кабина портер 1 б у;64
купить кабину хендай портер;60
кабина портер бу;58
портер двойная кабина;53
кабину портера поднять;36
купить кабину на портер 1;33
хендай портер двойная кабина;33
портер 2 дубль кабина;33
кабина хендай портер 1 купить;26
кабина бу портер купить;25
хендай портер 4х4 двойная кабина;23
кабины хендай портер цены;21
кабина портер 2 в сборе;18
кабина портер б у купить;18
кабина портер 1 цена;17
кабина портер 1 новая;15
хендай портер как поднять кабину;14
хендай портер дубль кабина;13
кабина портер 1 б у купить;13
кабина портер 1 в сборе;13
кабина хендай портер 2 купить;13
хендай портер кабина бу;13
хендай портер двойная кабина купить;12
как откинуть кабину хендай портер;12
портер 1 кабина г ош;12
кабина портер 2 купить бу;12
кабина хендай портер 1 б у купить;10
хундай портер 1 б у кабина;10
кабины хендай портер 1 цены;9
подушка кабины портер 1;8
ремонт кабины портер;8
как снять кабину на хундай портер;8
где находится вин кабины портер 2;7
хендай портер 2 течет крыша кабины;7
хендай портер 1 коврики кабины;7
стекло в заднюю стороны кабины портер 1;6
кабина портер 2 в сборе купить;6
кабина портер 1 в сборе б у;6
замена кабина на портер 1;6
как поднять кабину на портере 1;6
купить тент на портер 2 дубль кабина;6
хендай портер сколько мест в кабине;6
кабина портер тагаз;6
утепление кабины хендай портер;5
портер 2 дубль кабина сколько см;5
портер камера;47
капот портер;247
капот хендай портер;96
капот портер 2;83
капот портер 1;75
капот хендай портер 1;35
как открыть капот портера;31
капот портер 2 купить;28
капот портер 1 купить;20
хендай портер открыть капот;19
капот хендай портер 1 бу;8
капот хендай портер 1 купить;7
передний капот хендай портер 1;6
кардан портер;142
кардан хендай портер;52
кардан рулевой портер;52
кардан портер 1;49
кардан портер 2;28
портер крестовина кардан;27
рулевой кардан портер 2;12
крестовина кардана портер 2;9
разборка хендай портер 2 рулевой кардан;5
крестовина кардана хендай портер;5
поддон картера портер;26
поддон картера портер 1;15
клапана портер 1;453
клапана хендай портер;359
клапан на портер;279
регулировка клапанов портер;229
регулировка клапанов портер 1;125
клапан тнвд портер;100
хендай портер регулировка клапанов;89
обратный клапан портер;84
клапан егр портер;80
клапана портер тагаз;79
клапана хундай портер;77
клапан тнвд портер 1;49
клапана на портер 2;36
клапан егр портер 1;36
обратный клапан хендай портер;31
клапан турбины портер;31
обратный клапан портер 1;30
регулировка клапанов хендай портер 1;30
порядок регулировки клапанов портер;30
электромагнитный клапан портер;27
клапан егр хендай портер;20
обратный клапан тнвд портер 1;18
регулировка клапанов хундай портер;16
порядок регулировки клапанов портер 1;16
хендай портер дизель регулировка клапанов;15
клапан егр портер 2;13
обратный клапан портер 2;10
клапан егр портер тагаз;10
обратный клапан тнвд хендай портер 1;10
регулировка клапанов портер тагаз;7
портер топаз как отрегулировать клапана;6
регулировка клапанов портер d4bf;6
электромагнитный клапан отсечки топлива портер 1;6
клапан егр хендай портер 1;5
клапан отсечки топлива портер 2;5
клемма портер;84
ключ портер;282
портер открыть без ключей;97
ключ портер 2;58
ключ хендай портер 2;30
как открыть хендай портер без ключа;20
портер не заводится с ключа;13
кнопка портер 1;73
кнопка стеклоподъемника портер;53
кнопка стеклоподъемника портер 1;26
кнопка стеклоподъемника хендай портер;17
кнопка стеклоподъемника портер 1 левая;8
распиновка кнопки птф портер 1;7
кнопка аварийки портер 1;6
коврики портер;136
коврики хендай портер;61
коврики портер 2;43
коврики хендай портер 1;23
коврики хендай портер 2;22
коврики для портера 1;9
коврики на портер 1 купить;5
коленвал портер;728
коленвал портер 1;341
коленвал хендай портер;268
сальник коленвала портер;186
шкив коленвала портер;149
коленвал хендай портер 1;127
сальник коленвала портер 1;103
замена коленвала портер;84
сальник коленвала хендай портер;82
сальник коленвала передний портер;79
коленвал портер 2;79
шкив коленвала портер 1;67
хендай портер шкив коленвала;64
замена сальника коленвала портер;55
коленвал портер тагаз;53
сальник коленвала хендай портер 1;43
сальник коленвала передний портер 1;39
хендай портер замена сальника коленвала;38
сальник коленвала задний портер 1;34
шкив коленвала хендай портер 1;32
коленвал хундай портер;30
коленвал портер купить;27
замена сальника коленвала портер 1;26
замена заднего сальника коленвала портер;22
замена сальника коленвала заднего портер 1;20
купить коленвал портер 1;18
сальник коленвала портер тагаз;17
течет передний сальник коленвала хендай портер 1;10
установка коленвала портер 1;7
сальник коленвала передний портер тагаз;6
коленвал на портер 1 цена;6
болтается шкив коленвала на хендай портер 1;5
колеса на портер;620
хендай портер колеса;430
колеса портер 2;284
колеса на портер 1;216
портер размер колес;153
колеса на портер купить;139
колеса портер бу;114
колеса портер хундай;99
колеса хендай портер 2;96
шпилька колеса портер;77
хендай портер размер колес;70
портер 1 колеса бу;54
колеса на хендай портер 1;51
колеса на портер 185 r14c;49
размер колес хендай портер 1;29
размер колес на портер 1;28
размер колес портер 2;26
шпилька колеса портер 1;25
зимние колеса на портер 1;23
купить колеса на портер 2;19
колеса на портер 185 r14c бу;19
запасное колесо портер 1;17
шпилька колеса портер 2;17
шпилька заднего колеса портер 2;13
купить колеса на хендай портер 1;11
купить колеса на портер 2 задние;10
колеса на портер 1 185 r14c;8
колеса на хендай портер 185 r14c бу;5
портер 1 колеса бу московская область;5
портер 2 ставим односкатные колеса;5
колеса на портер 185 r14c шипы;5
коллектор портер;132
коллектор портер 1;70
прокладка коллектора портер;33
коллектор турбина портер;19
коллектор турбины портер 1;16
прокладка коллектора портер 1;15
впускной коллектор портер 1;8
хендай портер 1 снять выхлопной коллектор;6
прокладка выпускного коллектора портер 1;5
колодки портер;785
колодки задние портер;339
колодки портер 1;315
колодки тормозные портер;273
колодки хендай портер;261
колодки передние портер;236
колодки портер 2;186
задние колодки портер 1;136
хендай портер тормозные колодки;127
задние колодки хендай портер;121
колодки портер тагаз;115
колодки тормозные задние портер;111
тормозные колодки портер 1;110
колодки передние портер 1;105
колодки хендай портер 1;89
замена колодок портер;89
колодки хендай портер 2;79
колодки передние хендай портер;69
колодки тормозные передние портер;69
тормозные колодки портер 2;65
тормозные колодки портер тагаз;56
замена колодок хендай портер;52
хендай портер задние тормозные колодки;51
колодки задние портер тагаз;51
замена задних колодок портер;50
колодки передние портер тагаз;44
хендай портер 2 задние колодки;43
колодки передние портер 2;42
колодки тормозные задние портер 1;42
хендай портер 1 колодки тормозные;42
колодки задние хендай портер 1;39
колодки тормозные передние портер 1;35
колодки тормозные задние портер 2;33
замена колодок портер 1;31
купить колодки на портер;30
замена задних колодок хендай портер;28
передние колодки хендай портер 1;28
замена колодок портер 2;26
хундай портер задние колодки;24
колодки передние портер 1 тагаз;23
замена задних тормозных колодок портер;22
ремкомплект задних колодок портер;20
замена задних колодок портер 2;18
колодки передние портер тагаз артикул;18
замена задних колодок портер 1;17
замена колодок передних портер;15
колодки тормозные задние хендай портер 1;15
колодки тормозные передние хендай портер 1;12
колодки задние для портер 2;12
колодки портер 1 передние цена;12
колодки передние хендай портер 2;10
колодки тормозные задние портер 1 тагаз;10
колодки тормозные передние портер 1 тагаз артикул;7
тормозные колодки портер 2 передние;5
колодки тормозные задние портер 1 тагаз артикул;5
купить колодки на портер 1 передние;5
рулевая колонка портер;54
рулевая колонка портер 1;23
рулевая колонка хендай портер;14
колпаки на портер;78
колпаки на портер 2;50
колпаки хендай портер;50
колпак хендай портер 2;31
колпаки на портер 1;18
купить колпаки портер;18
колпаки на хендай портер 2 купить;9
колпаки на портер 2 авито;7
маслосъемные колпачки портер 1;6
кольца портер;259
кольца поршневые портер;58
кольца поршневые портер 1;27
маша портер и волшебное кольцо;12
портер замена колец;8
плата комбинации приборов хендай портер 1;26
кондиционер на портере;70
кондиционер портер 1;65
кондиционер хендай портер;61
кондиционер портер 2;53
компрессор кондиционера портер;47
ремень кондиционера портер;41
компрессор кондиционера портер 2;25
ролик кондиционера портер;18
ремень кондиционера портер 2;13
компрессор кондиционера хендай портер 2;5
корзина портер;53
корзина сцепления портер;44
корзина сцепления на портер 1;14
коробка портера;926
коробка передач портер;346
коробка портер 1;291
хендай портер коробка;283
масло в коробку портер;165
коробка портер 2;138
коробка передач портер 1;126
коробка передач хендай портер;122
купить коробку портер;119
ремонт коробки портер;106
коробка хендай портер 1;98
замена коробки портер;85
масло в коробку портер 1;77
масло в коробку хендай портер;74
замена коробки передач портер;68
коробка хендай портер 2;58
портер автомат коробка;55
коробка передач хундай портер;50
коробка передач хендай портер 1;50
коробка передач портер 2;42
портер 2 масло в коробку;36
сколько масла в коробке портер;35
коробка хендай портер купить;34
замена масла коробке портер;33
коробка портер схема;29
хендай портер 1 масло в коробку;28
сколько масла в коробке портер 1;21
коробка передач хендай портер 2;21
купить коробку на портер 1;20
портер 1 коробка передач купить;18
масло в коробку хендай портер 2;17
хендай портер замена масла в коробке;14
какое масло в коробку портер 1;13
принцип работы коробки передач портер 1;6
хендай портер 1 коробка передач замена масла;5
ремонт коробок передач хундай портер 2 видео;5
как снять коробку на портере 1;5
коромысло портер;134
коромысло портер 1;57
коромысла хендай портер;56
ось коромысел портер;55
ось коромысел портер 1;23
корпус фильтра портер;90
корпус воздушного фильтра портер;35
корпус топливного фильтра портер;26
корпус масляного фильтра портер 1;20
корпус печки портер 2;17
корпус воздушного фильтра на портер 1;13
корпус топливного фильтра портер 1;13
корпус печки портер 1;12
корпус термостата хендай портер;7
корпус воздушного фильтра хендай портер;6
корпус масляного насоса на портер 1;6
корпус рефрижератора хендай портер 2;5
портер крепление задних фонарей;31
крепление заднего фонаря портер 1;15
крестовина портер;191
крестовина портер 2;48
крестовина хендай портер;47
замена крестовины портер;38
крестовина на портер 1;29
крестовина портер тагаз;19
крестовина хендай портер 1;11
кронштейн фонаря портер;32
кронштейн задних фонарей портер;24
кронштейн фонаря портер 1;20
кронштейн заднего фонаря портер 1;14
кронштейн масляного фильтра портер 1;12
крыло портер;174
крыло портер 1;80
крыло хендай портер;56
крыло портер 2;38
заднее крыло портер;27
крыло хендай портер 1;25
крыло левое портер 1;13
как снять крыло на портере;10
портер 2 крыло цена;7
крыша портер;103
спойлер крыши портер;29
спойлер на крышу портер 1;14
спойлер на крышу хендай портер;13
ветровик на крышу портер;13
ветровик на крышу на портер 1;7
спойлер на крышу хендай портер 1;7
хендай портер 1 как зашумить крышу;5
хендай портер 1 шумоизоляция крыши;5
клапанная крышка портер;204
прокладка клапанной крышки портер;146
клапанная крышка портер 1;105
клапанная крышка хендай портер;86
прокладка клапанной крышки портер 1;77
прокладка клапанной крышки хендай портер;59
клапанная крышка портер тагаз;59
прокладка клапанной крышки портер тагаз;52
крышка бензобака портер;52
клапанная крышка хендай портер 1;51
крышки распредвала портер;46
прокладка клапанной крышки хендай портер 1;38
крышка радиатора портер;34
портер замена прокладки клапанной крышки;22
крышка бензобака портер 1;22
прокладка клапанной крышки хендай портер 1 тагаз;17
крышка радиатора портер 1;16
замена прокладки клапанной крышки портер 1;11
хундай портер d4cb 2 5 крышка верхняя уплотнение;6
прокладка клапанной крышки хендай портер 1 артикул;6
бу передняя крышка от движок портер 1;5
портер кузов;1094
хендай портер кузов;357
портер размеры кузова;284
кузов портер 1;161
кузов портер 2;112
портер габариты кузова;105
портер длина кузова;97
хендай портер размер кузова;96
портер объем кузова;90
кузов портер купить;85
портер номера кузова;60
портер высота кузова;55
хендай портер габариты кузова;40
кузов хендай портер 2;36
размер кузова портер 1;34
портер 1 кузов купить;34
длина кузова хендай портер;28
хендай портер объем кузова;25
портер 2 размеры кузова;21
ширина кузова портера;19
кузов хендай портер купить;18
хендай портер высота кузова;17
портер высота кузова от земли;17
кузов на хендай портер 1;17
ширина кузова хендай портер;15
портер автомобильные кузова;14
портер автомобильные кузова скачать;14
габариты кузова портер 1;14
размеры кузова хендай портер 1;12
портер сколько кубов кузов;11
бортовой кузов на портер;10
уголок кузова для портера;10
портер объем кузова в кубах;9
машина портер габариты кузова;8
где номер кузова на портере;8
допустимые размеры кузова на портер;7
кузов на хендай портер 1 купить;6
хендай портер сколько кубов кузов;5
хендай портер характеристики кузова;5
тент чехол на кузов авто портер 2;5
ремонт кузова портера;5
портер 1 бортовой объем кузова;5
портер размеры кузова будка;5
размеры кузова хундай портер;5
портер автомобильные кузова скачать pdf;5
кузов портер 1 купить на авито;5
кулак портер;46
кулак поворотный портер;37
кулиса портер;187
кулиса портер 1;68
кулиса хендай портер;59
кулиса портер 2;57
кулиса кпп портер;56
кулиса хендай портер 1;30
кулиса кпп портер 2;20
кулиса кпп портер 1;16
кулиса хендай портер 2;11
кулиса кпп хендай портер 1 в сборе;7
лампы хендай портер;147
лампы портер 1;129
лампы портер 2;93
портер лампы ближнего света;71
хендай портер лампа ближнего света;33
лампа ближнего света портер 1;20
5 сил портера ооо лента;5
прайс лист портер;137
листы рессоры портер;108
прайс лист по ремонту хендай портер;90
листы рессор портер 1;58
лист рессоры портер 2;21
прайс лист на ремонт хендай портер 1;6
прайс лист на ремонт хендай портер челябинск;5
личинки на портер;12
портер мало сестричка;5
хендай портер масла;984
портер 1 масло;867
масло портер 2;391
портер какое масло;281
замена масла портер;209
сколько масла в портере;206
объем масла портер;177
масло хендай портер 2;172
масло для портера;167
какое масло в хендай портер;114
портер 1 масло сколько;112
замена масла хендай портер;109
какое масло заливать в портер;90
какое масло в портер 1;88
уровень масла портер 1;86
уровень масла хендай портер;85
масло в мост портера;80
хендай портер объем масла;76
объем масла портер 1;74
портер проверить масло;70
масло в кпп портер;70
хендай портер какое масло заливать;67
щуп масла портер;66
течь масла портер;64
купить масло портер;60
масла в хундай портер;57
замена масла портер 1;55
масло кпп портер 1;51
масло в задний мост портер;50
моторное масло хендай портер;48
сколько литров масла в портере;43
замена масла портер 2;42
какое масло лить в портер;41
какое масло заливать в портер 1;40
портер 2 объем масла;36
масло кпп хендай портер;33
замена масла хендай портер 1;32
хендай портер 1 какое масло заливать;31
масло в мост портер 1;31
хендай портер течь масла;28
как проверить масло хендай портер;26
хендай портер масло в задний мост;25
масло в задний мост портер 1;23
замена масла хендай портер 2;23
масло для хендай портер 1;23
как проверить уровень масла портер;22
масло в мост портер 2;22
моторное масло для портера;22
масло кпп портер 2;21
сколько литров масла в портер 1;20
хендай портер какое масло лить;19
щуп уровня масла портер;19
масло в портер 1 дизель;18
купить масло хендай портер 1;18
какое масло лить в портер 1;16
масло капает портер;13
портер 2 масло в задний мост;12
масло в кпп хендай портер 1;11
хендай портер проверить уровень масла;11
масло в редуктор портер 1;11
моторное масло для хендай портер 2;11
портер замена масла в кпп;10
объем масла хендай портер 2 5 дизель;10
хендай портер 1 сколько литров масла;10
как проверить масло портер 1;8
масло в гур портер;7
купить моторное масло хендай портер 1;7
объем масла двс портер 1;6
маховик портер;147
маховик портер 1;65
подшипник маховика портер;34
подшипник маховика портер 1;28
маховик портер 2;18
маховик портер тагаз;10
тормозной механизм портер;22
механизм переключения передач портер 2;9
модель портера лоулера механизм мотивации;5
мкпп портер;181
мкпп хендай портер;86
мкпп портер 2;40
мкпп портер 1;30
ремонт мкпп хендай портер;15
мост портер;433
портер задний мост;268
мост хендай портер;167
мост портер 1;146
хендай портер задний мост;110
задний мост портер 1;96
мост портер 2;69
диодный мост портер;57
задний мост портер 2;53
задний мост хендай портер 1;38
редуктор заднего моста портер;33
хендай портер 2 мост;25
задний мост хундай портер;25
диодный мост хендай портер;25
хендай портер 2 задний мост;21
редуктор заднего моста портер 1;17
портер мотору;698
моторы портер 1;252
мотор хендай портер;210
мотор портер 2;149
мотор портер хундай;86
мотор печки портер;64
мотор хендай портер 1;56
мотор портер 1 купить;37
мотор хендай портер 2;37
мотор печки портер 1;36
мотор отопителя портер 1;24
хендай портер 2 мотор как узнать;9
мотор омывателя портер 1;9
купить бу мотор на портер 1;6
модель мотора хендай портер h 100;5
ремонт моторов портер 1;5
замена моторчика печки портер 1;13
не работает моторчик печки на портер 2;8
свеча накала портер;807
свечи накала портер 1;367
свечи накала хендай портер;269
реле свечей накала портер;185
реле накала портер 1;118
реле свечей накала портер 1;114
свечи накала хендай портер 1;94
свеча накала портер 2;80
реле накала свечей хендай портер;68
свеча накала портер тагаз;44
портер реле свечей накала где находится;40
реле накала свечей хендай портер 1;34
свечи накала портер 1 купить;29
реле свечей накала портер 1 где находится;25
замена свечей накала портер 1;21
реле свечей накала портер 1 где стоит;16
как проверить свечи накала на портере;14
предохранитель свечей накала портер 1;7
свеча накаливания портер;364
свечи накаливания портер 1;192
хендай портер свечи накаливания;152
свеча накаливания хендай портер 1;66
свечи накаливания портер 2;38
свеча накаливания портер 1 цена;23
замена свечей накаливания портер 1;14
купить свечи накаливания на портер 1;13
портер 2 накладки;14
рулевой наконечник портер;91
рулевой наконечник портер 1;42
хендай портер рулевые наконечники;36
рулевой наконечник портер 2;16
хендай портер 1 рулевые наконечники;15
ручка наружная портера левый;50
наружная левая ручка хендай портер;22
насос портер;1011
насос портер 1;472
масляный насос портер;236
топливный насос портер;215
вакуумный насос портер;156
масляный насос портер 1;134
хендай портер топливный насос;105
топливный насос портер 1;84
насос гур портер;76
вакуумный насос портер 1;74
насос подкачки портер;69
масляный насос хендай портер;67
хендай портер 1 топливный насос;46
вакуумный насос портер 2;43
насос гур портер 1;43
насос тнвд портер;42
топливный насос портер 2;35
насос подкачки портер 1;33
насос ручной подкачки портер;29
хендай портер вакуумный насос;29
масляный насос на хендай портер 1;23
масляный насос портер 2;23
насос подкачки топлива портер;22
топливный насос хундай портер;22
насос подкачки хендай портер;21
масляный насос цена портер;17
насос ручной подкачки портер 1;16
насос тнвд портер 1;14
насос тнвд для хендай портер;10
масляный насос на хендай портер 1 цена;10
замена масляного насоса портер 1;10
насос гур портер 1 цена;10
портер 2 вакуумный насос на распредвале стук;7
масляный насос портер 2 евро 5;7
сальник вакуумного насоса портер 1;5
натяжитель портер;49
обратка на портер;39
трубка обратки портер;38
трубка обратки портер 1;15
ограничитель хода передней подвески на портер отбойник;5
форсунка омывателя портер;51
шаровая опора портер;156
шаровая опора портер 1;75
шаровая опора портер 1 нижняя;33
замена шаровых опор портер;30
шаровая опора портер 2;29
шаровая опора хендай портер 1;26
шаровая опора верхняя портер;25
опора шаровая портер 1 верхняя;17
шаровая опора хендай портер 1 нижняя;16
опора кпп портер 1;15
отбойник рессоры портер;20
отбойник рессоры портер 1;15
отбойник рессоры хендай портер 1;7
отопитель портер;297
отопитель портер 1;129
радиатор отопителя портер;87
отопитель хендай портер;73
отопитель портер 2;58
радиатор отопителя портер 1;36
замена радиатора отопителя портер 1;12
резистор отопителя портер 1;10
портер размеры грузового отсека;7
портер 2 отсечка на 3000 оборотов;9
система охлаждения портер;185
портер хендай система охлаждения;101
система охлаждения портер 1;93
радиатор охлаждения портер;81
трубка охлаждения портер;58
система охлаждения хендай портер 1;56
система охлаждения портер схема;37
хендай портер радиатор охлаждения;35
трубка охлаждения турбины портер;32
радиатор охлаждения портер 1;31
схема охлаждения хендай портер 1;31
система охлаждения портер 1 схема;29
система охлаждения хендай портер 1 схема;25
радиатор охлаждения портер 2;21
трубка охлаждения турбины портер 1;20
хендай портер трубка охлаждения;15
система охлаждения портер 2;11
радиатор охлаждения хендай портер 1;11
система охлаждения хундай портер;10
патрубок системы охлаждения портер;9
панель приборов портер;261
панель на портер;252
приборная панель портер;174
панель приборов портер 1;139
панель приборов хендай портер;99
приборная панель хендай портер;89
приборная панель портер 1;86
панель портер 2;76
панель приборов хендай портер 1;58
приборная панель хендай портер 1;42
портер как снять панель;39
панель приборов портер 2;35
панель передняя портер;25
снять панель приборов портер 1;20
портер панель приборов обозначения;19
панель приборов портер 1 купить;16
панель передняя портер 1;12
приборная панель портер 1 обозначение;11
обозначение значков на панели приборов портер 2;7
пара портер;77
плунжерная пара портер;49
плунжерная пара портер 1;31
плунжерная пара тнвд портер 1;7
патрубки на портер;72
патрубок турбины портер;43
патрубки печки портер;36
хендай портер 1 патрубки;25
патрубок радиатора портер 1;18
патрубок турбины портер 1;18
педаль сцепления портер;109
педаль сцепления портер 1;54
педаль сцепления портер 2;32
хендай портер тормоза педаль;20
провалилась педаль сцепления портер 1;8
схема снятия педали сцепления на портере 2;6
портер не включаются передачи;57
переключения передач на портере;47
портер включается 2 передачи;32
трос переключения передач портер;31
хендай портер переключение передач;25
хендай портер не включаются передачи;25
плохо включаются передачи хендай портер;22
плохо включаются передачи на портере 1;11
хендай портер включаются 2 передачи;10
рычаг переключатель переключение передач на портер 2;6
плохо включаются передачи на портер 2;5
переключатель подрулевой портер 1;13
трос переключения портер;39
печка портер;1671
печка портер 1;790
печка хендай портер;584
радиатор печки портер;439
печка хендай портер 1;254
радиатор печки портер 1;217
печка портер 2;200
портер замена печки;176
хендай портер печка радиатора;174
хундай портер печка;144
замена радиатора печки портер;120
снимаем печку портер;105
замена печки портер 1;86
радиатор печки хендай портер 1;86
печка портер купить;78
хендай портер замена печки;67
замена радиатора печки портер 1;55
замена радиатора печки хендай портер;48
радиатор печки портер 2;46
плохо греет печка портер;45
печка портер тагаз;38
купить радиатор печки портер;31
портер 1 плохо греет печка;28
замена радиатора печки хендай портер 1;26
радиатор печки портер 1 купить;21
как снять печку на портер 1;21
хендай портер печка дует холодным;20
не греет печка портер 1;20
купить печку на хендай портер 1;20
радиатор печки портер тагаз;18
замена печки портер 2;16
печка портер 1 схема;16
ремонт печки портер 1;15
радиатор печки портер 1 цена;14
как снять радиатор печки портер 1;12
замена радиатора печки портер 1 видео;10
резистор печки портер 1;8
замена радиатора печки хендай портер 1 видео;7
где фишка печки на портер 1;6
радиатор печки на портер 1 в люберцах;6
устройство печки портер 1;6
поводок стеклоочистителя портер 1;9
поводки портер 2;5
реле поворотов портер;41
реле поворотов портер 1;17
реле поворота хендай портер;9
реле поворотов хендай портер 1;5
указатель поворота на портер;5
подача топлива портер;36
подвеска портер;203
передняя подвеска портер;130
хендай портер подвеска;94
подвеска портер 1;77
передняя подвеска хендай портер;60
передняя подвеска портер 1;53
подвеска портер 2;46
подвеска хендай портер 1;43
передняя подвеска хендай портер 1;29
портер передняя подвеска схема;16
подвеска портер 1 схема;14
рычаг передней подвески портер;11
передняя подвеска портер 1 схема;8
ремонт передней подвески хендай портер 1 видео;5
поддон портер;255
поддон портер 1;139
поддон хендай портер;80
прокладка поддона портер;69
поддон хендай портер 1;45
прокладка поддона портер 1;39
поддон портер тагаз;30
портер масляный поддон;27
купить поддон портер 1;18
масляный поддон портер 1;14
прокладка поддона хендай портер 1;12
поддон хендай портер 2;7
хундай портер d4cb 2 5 прокладка поддона;7
как снять поддон на портере 1;6
подкрылки портер;117
подкрылки портер 1;51
подкрылки портер 2;33
подкрылок передний портер;22
подкрылки задние портер 2;19
подогрев портер;288
портер установка подогрева 220;16
подушка на портер 1;12
подушка кпп портер 1;10
подшипник ступицы портер;154
подшипник на портер;153
замена подшипника портер;141
подшипник полуоси портер;93
подшипник выжимной портер;75
подшипник ступицы портер 1;67
подшипник передней ступицы портер;47
подшипник ступицы хендай портер;42
ступичный подшипник портер 1;38
подшипник полуоси портер 1;37
ступичный подшипник хендай портер;36
подшипник ступицы портер 2;35
замена подшипника полуоси портер;34
выжимной подшипник портер 1;32
подшипник полуоси хендай портер;31
подшипник ступицы задний портер 2;25
подшипники передней ступицы портер 1;23
замена подшипника полуоси портер 1;18
направляющая выжимного подшипника на портер 1;18
замена подшипника полуоси хендай портер;18
подшипник ступицы задний портер 1;18
хендай портер подшипник передней ступицы;14
портер 1 подшипник 5304239000;12
подшипник ступицы хендай портер 1;11
замена подшипника задней ступицы хендай портер;8
выжимной подшипник портер 2;8
ступичный подшипник портер 2;7
подшипник ступицы передней портер 2;6
замена подшипника полуоси хендай портер 1;6
подшипник передней ступицы портер тагаз;5
полуось портер;287
полуось портер 1;138
полуось хендай портер;113
сальник полуоси портер;59
полуось тагаз портер;34
сальник полуоси портер 1;26
сальник полуоси портер тагаз;14
сальник полуоси портер 2;9
сальник полуоси портер 1 тагаз;7
помпа портер;462
помпа портер 1;227
помпа хендай портер;157
помпа хендай портер 1;78
замена помпы портер;70
помпа портер тагаз;55
цена помпа портер;50
помпа портер 2;48
замена помпы портер 1;42
хендай портер замена помпы;31
помпа на портер 1 цена;24
помпа хундай портер;22
помпа на портер 1 тагаз;18
хендай портер 1 замена помпы;16
купить помпу на портер 1;16
помпа на хендай портер 1 цена;15
помпа хундай портер 1;10
помпа какого производителя лучше на портер 1;5
поршень портер;152
поршни портер 1;65
хендай портер поршня;45
поршень суппорта портер;31
поршня портер 2;13
предохранители портер;1542
предохранители портер 1;724
предохранители хендай портер;621
схема предохранителей портер;343
портер 2 предохранители;270
схема предохранителей портер 1;227
предохранитель хендай портер 1;191
схема предохранителей хендай портер;148
хендай портер 2 предохранители;143
где на портере предохранители;114
хендай портер где предохранители;95
где находятся предохранители на портере;83
портер 1 где предохранители;80
хендай портер где находятся предохранители;77
схема предохранителей хендай портер 1;73
силовой предохранитель портер;71
расположение предохранителей портер;62
схема предохранителей портер 2;60
где находятся предохранители портер 1;57
предохранители портер тагаз;55
предохранитель прикуривателя портер;51
схема предохранителей хендай портер 2;39
силовые предохранители портер 1;38
хендай портер предохранители расположение;36
предохранители портер 1 тагаз;34
предохранитель сигнала портер 1;26
предохранитель прикуривателя портер 1;26
предохранители и реле портер;25
предохранитель стоп сигналов портер;25
портер 2 расшифровка предохранителей;25
хендай портер силовые предохранители;23
хендай портер 2 расшифровка предохранителей;22
предохранитель прикуривателя хендай портер;22
расположение предохранителей портер 1;21
где находятся предохранители хендай портер 1;19
где предохранители на портер 2;18
где находятся предохранители на портер 2;16
предохранитель стеклоподъемника портер;16
схема предохранителей портер тагаз;14
схема предохранителей портер 1 тагаз;13
предохранитель стоп сигнала портер 1;12
расположение предохранителей портер 2;12
портер 2 предохранитель прикуривателя;10
хендай портер 2 предохранители расположение;9
схема предохранителей портер 2 на русском;7
хендай портер 80а предохранитель горит;6
таблица предохранителей хендай портер 2;5
реле и предохранители портер 1;5
распиновка предохранителей портер;5
предохранитель заднего хода хундай портер 2;5
приборы хендай портер;201
щиток приборов портер;115
приборы на портер 1;97
щиток приборов портер 1;85
щиток приборов хендай портер;57
щиток приборов хендай портер 1;37
щиток приборов хендай портер 1 тюнинг;10
щиток приборов портер 2;6
щиток приборов портер 1 значение лампочек;6
портер полный привод;51
привод спидометра портер;29
хендай портер полный привод;23
привод хундай портера;20
хендай портер привод спидометра;14
привод спидометра портер 1;13
хендай портер какой привод;9
купить хендай портер 2 двухкабинник полный привод;7
портер полный привод форум;5
прикуриватель портер;87
сливная пробка портер;93
сливная пробка на хендай портере;12
провод портер;279
провода на портер 1;67
плюсовой провод портер;44
провод плюсовой портер 1;28
провод массы портер;17
как идут силовые провода на хендай портер;5
проводка портер;200
проводка портер 1;91
хендай портер проводка;62
проводка портер схема;45
проводка хендай портер 1;32
схема проводки портер 1;30
проводка портер 2;25
проводка задних фонарей портер 1;8
схема проводки хендай портер 1;6
схема проводки портер 1 тагаз;6
прокладки на портер;169
тагаз портер прокладка;147
комплект прокладок портер;34
прокладка турбины портер;33
прокладка турбины портер 1;21
комплект прокладок портер 1;12
пружины на портер;12
портер фермер дешевый цены прямой хазайн;12
пыльник суппорта портер 2;8
портер 1 замена пыльника на суппорте;7
портер рабочи;283
рабочий цилиндр портер;220
рабочий цилиндр сцепления портер;169
рабочий цилиндр портер 1;105
рабочий цилиндр сцепления портер 1;82
рабочий цилиндр сцепления портер 2;48
хендай портер рабочий цилиндр сцепления;38
рабочий цилиндр сцепления хендай портер 1;12
хендай портер 2 замена рабочего цилиндра сцепления;6
рабочий цилиндр сцепления на портер 1 балашиха;5
радиатор портер;1244
радиатор портер 1;575
радиатор хендай портер;458
радиатор хендай портер 1;205
замена радиатора портер;183
радиатор портер 2;170
радиатор масляный портер;140
купить радиатор портер;128
радиатор хундай портер;105
замена радиатора портер 1;94
масляный радиатор портер 1;81
замена радиатора хендай портер;67
радиатор портер тагаз;66
радиаторы портер 1 купить;60
снять радиатор портер;56
радиатор масляный хендай портер;47
замена радиатора хендай портер 1;39
трубки масляного радиатора портер;35
купить радиатор на хендай портер;34
как снять радиатор хендай портер;33
купить радиатор хендай портер 1;24
радиатор на портер цена;20
радиатор на портер 1 цена;18
как снять радиатор портер 1;17
радиатор портер 1 артикул;16
трубки масляного радиатора на портер 1;14
масляный радиатор на хендай портер 1;13
радиатор хендай портер 1 тагаз;8
масляный радиатор портер 1 тагаз;8
купить основной радиатор на хундай портер h100;7
как поменять масляные шланги радиатора хендай портер;6
радиатор хендай портер 1 тагаз артикул;6
как поменять масляный радиатор портер 1;6
рампа портер;37
распредвал портер;350
распредвал портер 1;166
распредвал хендай портер;120
сальник распредвала портер;67
распредвал портер тагаз;50
сальник распредвала портер 1;34
распредвал портер купить;33
замена распредвала портер;26
распредвал на хендай портер 1;21
момент затяжки распредвала портер 1;9
портер 1 тагаз замена сальник распредвала;6
распредвал хендай портер тагаз;6
купить распредвал на хендай портер 1;5
распылители портер;154
распылитель портер 1;115
распылитель форсунки портер;109
распылитель форсунки портер 1;84
распылители форсунок хендай портер;26
распылитель хендай портер;26
распылитель форсунки портер 1 купить;24
распылители портер тагаз;9
распылитель форсунки портер 1 d4bf;8
регулировка сцепления портер;70
хендай портер сцепление регулировка;35
регулировка сцепления портер 2;29
регулировка тнвд портер;29
регулировка сцепления портер 1;25
регулировка тнвд портер 1;19
регулировка сцепления хендай портер 2;17
регулировка тнвд хендай портер;13
регулировка фар портер 1;12
регулировка сцепления хендай портер 1;11
регулировка штока сцепления хендай портер 2;7
регулировка торсионов портер 1;7
регулировка ручника хендай портер 2 своими руками;6
реле регулятор портер;27
редуктор портер;233
редуктор хендай портер;79
редуктор задний портер;64
редуктор портер 1;64
рулевой редуктор портер;57
редуктор портер 2;36
рулевой редуктор портер 2;16
рулевой редуктор хендай портер;15
угловой редуктор хендай портер;14
реле портер;995
реле портер 1;523
реле хендай портер;379
реле стартера портер;176
реле портер 2;114
реле стартера портер 1;105
реле хундай портер;75
реле стартера хендай портер;73
реле втягивающее портер;66
втягивающее реле портер 1;52
реле сигнала портер;40
портер реле стартера где находится;40
реле поворотников портер;39
хендай портер 1 реле стартера;32
втягивающее реле стартера портер 1;31
схема реле портер;30
где находится реле стартера портер 1;27
реле сигнала портер 1;24
реле стартера портер где стоит;22
хендай портер реле стартера где находится;19
схема реле портер 1;17
реле стартера портер 1 где стоит;13
реле сигнала хендай портер;11
реле стартера хендай портер 1 где находится;11
портер 2 где находится реле сцепления;9
реле дворников портер 1;7
реле зарядки портер 1;6
ремень портер;1164
ремни портер 1;504
ремень грм портер;440
ремень грм портер 1;213
хендай портер ремни грм;202
ремни хендай портер 1;186
ремень на хендай портер;152
замена ремня грм портер;151
ремень портер 2;140
ремни портер тагаз;130
ремень грм хендай портер 1;94
портер 1 замена ремней;92
замена ремня грм хендай портер;76
замена ремня грм портер 1;69
ремень гур портер;69
балансировочный ремень портер;46
замена ремней на портере;45
ремни хендай портер тагаз;43
ремень грм хундай портер;38
ремень гур портер 1;35
замена ремня грм хендай портер 1;33
приводной ремень хендай портер;30
ремень приводной портер 1;28
портер 2 приводной ремень;28
ремень грм портер тагаз;24
хендай портер метки ремня грм;18
ремень гур портер тагаз;18
ремень грм портер 2;18
замена ремней на хендай портер 1;16
ремень грм портер 1 метки;15
метки ремня грм хендай портер 1;13
ремень грм хендай портер 1 цена;10
замена ремня грм хундай портер;9
ремень гур портер 1 тагаз артикул;8
ремень грм портер 1 купить;6
хундай портер рвет ремень балансира;5
замена приводного ремня портер 2;5
портер 1 ремкомплект;120
ремкомплект суппорта портер;60
ремкомплект суппорта портер 1;29
ремкомплект турбины портер;21
ремкомплект суппорта портер 2;15
ремкомплект суппорта переднего портер 1;12
ремкомплект турбины портер 1;10
ремкомплект суппорта хендай портер 1;9
ремкомплект главного тормозного цилиндра портера 1;8
ремкомплект грм портер 2;6
рессоры портер;856
рессоры хендай портер;240
рессоры на портер 1;158
рессора задняя портер;111
рессора портер купить;92
рессоры хендай портер 1;86
замена рессоры портер;68
рессоры портер тагаз;58
купить рессоры портер 1;54
усилить рессоры портер;54
рессора портер усиленная;54
рессоры на портер 2;54
хендай портер задняя рессора;45
рессоры хундай портер;41
хендай портер 2 рессоры;41
рессоры на портер цена;38
замена рессоры портер 1;33
рессора задняя портер 1;32
усилить рессоры портер 1;32
усиленные рессоры портер 1;32
рессоры на портер 1 цена;31
рессора хендай портер купить;27
сайлентблок рессоры портер;23
рессоры портер 2 купить;22
серьга рессоры портер;19
рессоры хендай портер 1 купить;17
замена рессор хендай портер;15
размеры рессор портер;15
рессоры бу портер;14
сайлентблок рессоры хендай портер;11
рессоры на портер 1 усиленные цена;7
замена рессор портер 2;7
усиление рессор хендай портер;7
как узнать если лопнула рессора на портере;6
рокера портер;156
рокер портер 1;59
рокер хендай портер;45
ролик портер;155
ролики грм портер;33
ролик портер 2;17
скачать бесплатно портер ролики с казашками;5
ролик кондея портер тагаз;5
руль портер;368
руль портер 1;174
руль хендай портер;152
руль хендай портер 1;90
размеры руля портер;42
руль на портер 2;34
размер руля портер 1;33
диаметр руля портер 1;20
размер руля хендай портер 1;19
руль на хендай портер купить;17
диаметр руля хендай портер 1;10
замена руля портер 2;7
как снять руль хендай портер 2;6
как снять руль портер 2 видео;5
ручка портер;543
ручка на портер 1;50
ручка дверная портер 1;36
ручку на портер купить;23
дверная ручка хендай портер 1;15
ручка внешняя портер 2;10
ручка внешняя портер 2 автотяга;5
рычаги портер;647
рычаг портер 1;316
рычаг верхний портер;249
нижние рычаги портер;124
рычаг портер 2;119
рычаг передний портер;100
портер хендай 1 рычаг;100
хендай портер верхний рычаг;68
рычаг нижний портер 1;65
сайлентблок верхнего рычага портер;59
рычаг верхний на портер 1;44
рычаг портер тагаз;39
хендай портер 1 верхний рычаг;39
верхний рычаг портер 2;36
замена верхнего рычага портер;32
рычаг нижний портер 2;28
сайлентблок верхнего рычага хендай портер;25
сайлентблок верхнего рычага портер 1;25
верхние рычаги портер тагаз;19
нижний рычаг хендай портер 2;18
рычаг кпп портер 2;15
сайлентблок верхнего рычага портер 2;14
как заменить верхний рычаг на хундай портер;13
замена верхних рычагов портер 1;12
замена верхних рычагов хендай портер;11
сайлентблок верхнего рычага хендай портер 1;10
хендай портер 1 передние рычаги цена;8
рычаг хендай портер 2 купить;7
сайлентблок верхнего рычага портер тагаз;7
сайлентблок портер;214
сайлентблок хендай портер;86
сайлентблоки портер 1;80
замена верхних сайлентблоков портер 2;9
шайба верхних сайлентблоков портер 2;8
портер салон;426
хендай портер салон;152
салон портер 1;137
портер 2 салон;104
фильтр салона портер;53
хендай портер 1 салон;50
портер фото салона;31
хендай портер 2 салон;28
хендай портер фото салона;20
фильтр салона портер 1;19
фильтр салона портер 2;16
портер без турбины 2 салон;8
хендай портер тюнинг салона;8
хендай портер 2 фото салона;8
тюнинг портер 1 салон;8
чехол на портер 1 для салона;6
портер 1 сальник;378
сальник на портер;154
сальник хундай портер;59
сальник рейки портер;30
замена сальника на портере;29
сальник рулевой рейки портер 1;20
сальник ступицы портер 2;17
сальник кпп портер 1;14
сальник задней ступицы портер 2;13
сальник хвостовика портер 1;13
сальник передней ступицы портер 1;13
сальник тнвд портер 1;11
портер света;269
ближний свет на портере;67
лампочка на портер ближний свет;35
свечи портер 1;622
на портер свечи;402
свечи на хендай портер;131
свеча портер тагаз;52
свечи на портер 1 цена;17
сколько раз прожигать свечи на портер 1;6
сигнал портер 1;164
сигнал на портер;126
хендай портер сигнал;119
звуковой сигнал портер;52
не работает сигнал портер;34
не горит стоп сигнал портер;19
где находится сигнал портер 1;16
не работает сигнал портер 1;12
портер тагаз где взять сигнал тахометра;7
сигнализация портер;44
хендай портер 1 как установить сигнализацию самому;7
сиденья портер;437
сиденье портер 1;210
сиденье хендай портер;152
куплю сидения портер;106
сиденье водительское портер;94
чехлы сидений портер;80
сиденье портер 2;79
сиденье портер 1 купить;69
сиденья хендай портер 1;69
чехлы на сиденья портер 1;46
водительское сидение хендай портер;32
хендай портер чехлы на сиденья;27
сиденье портер 2 купить;20
чехлы на сидения хендай портер 1;17
сиденье хендай портер 2;15
хендай портер чехлы на сиденья купить;12
замена сиденья на портере;7
замена штатного сиденья хендай портер;6
сиденье портер 2 бу купить;6
водительское сиденье для портер 1;5
система портера;707
топливная система портер;138
тормозная система портер;85
топливная система хендай портер;49
топливная система портер 1;43
тормозная система хендай портер;41
тормозная система портер 1;35
топливная система портер 2;34
выхлопная система хендай портер;23
топливная система хендай портер 1;18
выхлопная система портер 1;17
тормозная система портер 1 схема;16
топливная система портер 2 дизель;10
топливная система хендай портер 2;10
прокачка топливной системы на портер 1 видео;5
скорость портер 1;53
портер не включаются скорости;13
энни портер в фильме скорость;9
не переключаются скорости на хундай портер первый;7
энни портер в фильме скорость 1994 года;6
хендай портер включается скоростя плохо причина;5
спидометр портер;488
спидометр портер 1;248
спидометр хендай портер;220
трос спидометра портер;93
спидометр на хендай портер 1;80
тросик спидометра портер;62
купить спидометр хендай портер;61
спидометр портер 1 купить;55
трос спидометра портер 1;51
работает спидометр портер;44
тросик спидометра портер 1;38
купить спидометра на хендай портер 1;36
спидометр портер тагаз;36
тросик спидометра хендай портер;33
хендай портер не работает спидометр;25
трос спидометра хендай портер;25
спидометр портер 2;25
трос спидометра хендай портер 1;13
трос спидометра портер тагаз;13
не работает спидометр портер 2;10
запчасти спидометра на хендай портер;7
купить спидометр на хендай портер h100;5
стабилизатор портер;217
стойка стабилизатора портер;110
стабилизатор портер 1;90
стойка стабилизатора портер 1;50
стабилизатор портер 2;45
стойка стабилизатора портер 2;32
хендай портер стойки стабилизатора;31
стойки стабилизатора хендай портер 1;19
стойка стабилизатора портер тагаз;14
стартер портер;1404
стартер портер 1;668
стартер хендай портер;493
стартер хендай портер 1;206
стартер портер 2;195
купить стартер портер;175
купить стартер портер 1;99
снять стартер портер;78
стартер хендай портер купить;78
стартер портер цена;76
стартер хендай портер 2;73
стартер портер тагаз;70
хундай портер стартер;70
портер не крутит стартер;59
стартер портер 1 цена;45
стартер хендай портер 1 купить;40
портер замена стартера;35
снять стартер портер 1;34
стартер хендай портер цена;33
стартер портер бу;32
где находится стартер хендай портер;30
втягивающее на стартер портер;26
ремонт стартера портер;23
портер 2 купить стартер;23
портер не заводится со стартера;21
хендай портер стартер не крутит;20
снятия стартера портер 1;20
стартер хендай портер 1 артикул;18
схема стартера портер 1;17
замена стартера хендай портер;16
где находится стартер на портере;16
стартер хендай портер 1 где находится;15
стартер портер 1 тагаз;13
стартер хендай портер 2 купить;13
стартер портер тагаз артикул;13
где находится стартер на портере 1;12
стартер на хендай портер 1 цена;12
стартер хендай портер купить в москве;11
портер 2 не заводится со стартера;9
стартер хундай портер h100 2 5 дизель;8
щетки стартера портер 1;8
стартер на портер 2 цена;7
замена стартера на портер 1;7
купить стартер на портер 1 цена;5
стекло портер;664
лобовое стекло портер;314
стекло портер 2;140
стекло лобовое хендай портер;137
стекло лобовое портер 1;105
лобовое стекло портер 2;97
стекло на портер 1;83
стекло на хендай портер;71
замена лобового стекла портер;29
стекло левое портер;25
уплотнитель стекла портер;24
стекло фонаря заднего портер;22
лобовое стекло на хендай портер 1;20
купить лобовое стекло на портер;17
купить лобовое стекло хендай портер;12
замена лобового стекла портер 2;11
купить стекло на хендай портер;11
как снять стекло портер;10
замена стекла хендай портер;10
лобовое стекло на портер 1 цена;9
купить стекло на портер 1;9
замена стекла на портере;8
замена стекла портер 1;8
хендай портер 2 лобовое стекло оригинал;7
лобовое стекло на портер 2 цена;7
купить лобовое стекло на портер 1;7
купить лобовое стекло на портер 2;6
фара задняя портер стекло;5
щетка стеклоочистителя портер;85
трапеция стеклоочистителя портер;50
щетки стеклоочистителя портер 1;46
трапеция стеклоочистителя портер 2;21
размер щеток стеклоочистителя портер 1;20
хендай портер щетки стеклоочистителя размеры;16
трапеция стеклоочистителя портер 1;15
щетки стеклоочистителя портер 2;15
замена трапеции стеклоочистителя портер;14
стеклоподъемник портер;191
стеклоподъемник портер 1;99
стеклоподъемник хендай портер;66
стеклоподъемник хендай портер 1;34
портер не работает стеклоподъемник;23
стеклоподъемник портер 1 левый;22
стойка хендай портер 1;23
ступица портер;387
ступица портер 1;162
задняя ступица портер;128
передний ступица портер;111
ступица портер 2;85
передняя ступица портер 1;61
портер 2 задняя ступица;49
ступица задняя портер 1;40
ступица хендай портер 1;34
ступица хундай портер;21
ступица хендай портер 2;17
замена ступицы портер 1;17
суппорт портер;348
суппорт портер 1;140
суппорт хендай портер;133
суппорт портер 2;100
тормозной суппорт портер;66
направляющая суппорта портер;50
суппорт передний портер 1;48
суппорт хендай портер 1;42
суппорта хендай портер 2;41
суппорт тормозной передний портер;30
суппорт тормозной портер 1;26
направляющая суппорта портер 2;19
купить суппорт на портер;17
купить направляющие для суппортов хендай портер два;15
хендай портер 2 передний суппорта;10
купить суппорт на портер 1;6
суппорт на портер 2 mando;5
сцепление портер;1708
сцепление портер 1;714
сцепление хендай портер;541
цилиндр сцепления портер;405
сцепление портер 2;369
замена сцепления портер;201
сцепление хендай портер 1;196
главный цилиндр сцепления портер;190
цилиндр сцепления портер 1;180
сцепление хендай портер 2;137
цилиндр сцепления хендай портер;137
сцепление портер тагаз;124
сцепление портер купить;119
цилиндр сцепления портер 2;101
сцепление портер цена;92
главный цилиндр сцепления портер 1;85
главный цилиндр сцепления хендай портер;83
комплект сцепление портер;82
замена цилиндра сцепления портер;78
сцепление хундай портер;77
замена сцепления портер 1;71
замена сцепления хендай портер;69
купить сцепление портер 1;64
замена сцепления портер 2;50
замена главного цилиндра сцепления портер;50
прокачать сцепления портер;45
сцепления портер 1 цена;45
цилиндр сцепления хендай портер 1;44
главный цилиндр сцепления портер 2;43
замена сцепления портер цена;40
сцепление хендай портер тагаз;35
сцепление портер 1 тагаз;33
цилиндр сцепления портер тагаз;31
портер сцепление как отрегулировать;31
сцепление хендай портер цена;31
сцепление в сборе портер;31
замена сцепления хендай портер 2;31
хендай портер 1 сцепление купить;28
главный цилиндр сцепления хендай портер 1;28
главный цилиндр сцепления хендай портер 2;27
замена цилиндра сцепления портер 1;26
комплект сцепления портер тагаз;24
комплект сцепления портер 1;22
комплект сцепления портер 2;20
комплект сцепления хендай портер;20
портер 2 купить сцепление;19
сцепление хундай портер 1;18
сцепление в сборе портер 2;18
как отрегулировать сцепление на портере 1;17
замена главного цилиндра сцепления хендай портер;17
трос сцепления портер 1;17
главный цилиндр сцепления портер 1 замена;15
замена сцепления хендай портер цена;15
как прокачать сцепление на портере 1;14
замена сцепления портер 1 цена;14
портер сцепление в конце;12
хендай портер как отрегулировать сцепление;12
замена сцепления хендай портер 1;11
как прокачать сцепление на хендай портер;11
сцепление в сборе портер 1;11
сцепление хундай портер 2;10
замена сцепления хендай портер 2 цена;9
сцепление портер 1 тагаз артикул;9
хендай портер 1 комплект сцепления;8
гидропривод сцепления хендай портер 1 тагаз схема;6
замена сцепления на портер 1 недорого;6
схема трубопроводов сцепления хендай портер 2;5
тахометр портер;121
тахометр портер 1;72
тахометр хендай портер;39
как установить тахометр на портер 1;8
теплообменник портер;29
теплообменник портер 2;12
термостат портер;467
термостат портер 1;244
термостат хендай портер;171
замена термостата портер;94
термостат хендай портер 1;73
термостат портер тагаз;50
замена термостата портер 1;46
портер 2 термостат;45
хендай портер замена термостата;39
где находится термостат портер;32
термостат портер 1 купить;21
хендай портер 1 замена термостата;14
термостат на портер 1 тагаз;11
где находится термостат на портере 1;10
термостат портер 1 цена;9
замена термостата на портере 1 видео;5
тнвд портер;1537
тнвд портер 1;847
тнвд хендай портер;440
тнвд хендай портер 1;215
тнвд портер купить;192
ремонт тнвд портер;162
тнвд портер 2;128
тнвд портер цена;112
тнвд хундай портер;107
тнвд портер 1 цена;96
ремонт тнвд портер 1;94
купить тнвд на портер 1;94
тнвд портер тагаз;79
замена тнвд портер;51
тнвд портер бу;50
ремонт тнвд хендай портер;46
тнвд портер 1 бу;45
механический тнвд портер;43
тнвд портер 1 цена москве;42
тнвд хундай портер 1;40
тнвд портер 1 новый;36
тнвд хендай портер 2;36
снять тнвд портер;32
тнвд хендай портер тагаз;31
портер схема тнвд;30
ремонт тнвд портер цена;29
купить новый тнвд на портер 1;27
ремонт тнвд портер 1 цена;27
купить тнвд хендай портер 1;25
тнвд хендай портер цена;25
замена тнвд портер 2;24
тнвд портер 1 купить в москве;24
тнвд портер бу купить;21
хендай портер 1 электронный тнвд;20
тнвд хендай портер 1 цена;18
ремонт тнвд хендай портер 1;18
тнвд портер 1 устройство;17
тнвд портер 1 схема;16
ремонт тнвд портер 1 цена москве;16
хендай портер тнвд механический;15
замена тнвд портер 1;15
купить тнвд на портер 1 бу;15
как снять тнвд портер 1;14
б у тнвд портер;14
тнвд на портер 1 бу цена;11
тнвд на портер 1 купить б у;10
хендай портер 1 электронный тнвд отзывы;9
ремонт тнвд хундай портер;9
ресурс тнвд портер 1;8
бу тнвд портер 1 цена москве;7
купить тнвд на хендай портер 1 тагазовский;6
тнвд портер 1 артикул;6
хендай портер 1 устройство тнвд;6
тнвд портера в аварии;6
ремонт тнвд хендай портер 1 цена;5
расход топлива портер;416
хендай портер расход топлива;234
портер расход топлива на 100;123
расход топлива портер 1;114
расход топлива портер дизель;93
портер расход топлива на 100 км;92
хендай портер расход топлива на 100;78
портер 2 расход топлива;66
хендай портер расход топлива на 100 км;60
подкачка топлива портер;57
расход топлива хендай портер дизель;52
портер расход топлива на 100 км дизель;32
расход топлива хендай портер 2;32
расход топлива на хендай портер 1;32
расход топлива портер 1 дизель;23
портер 2 расход топлива на 100;21
подкачка топлива портер 1;20
расход топлива расход хундай портер;18
расход топлива хендай портер на 100 километров;13
портер рефрижератор расход топлива;13
расход топлива хендай портер 1 дизель;11
расход топлива хендай портер 2 дизель;9
расход топлива портер 1 на 100 километров;7
расход топлива на портере на 100км;6
схема подключения контроля уровня топлива портер h100;5
портер тормоза;411
тормоза портер 1;178
тормоза хендай портер;138
задние тормоза портер;92
ручной тормоз портер;66
задние тормоза портер 1;49
портер прокачать тормоза;45
трос ручного тормоза портер;40
ручной тормоз портер 1;26
тормоза портер тагаз;19
вакуумный усилитель тормозов портер;19
трос ручного тормоза портер 1;18
прокачка тормозов портер;17
задние тормоза портер 2;16
трос ручного тормоза портер тагаз;12
как прокачать тормоза на портере 1;12
как прокачать тормоза на хендай портер 1;9
задние тормоза хендай портер 1;7
вакуум усилителя тормозов портер 1;7
пропало тормоза на портере 1;6
хендай портер тормоза неисправности колдуна;5
торпеда портер;124
торпеда портер 1;58
как снять торпеду на хендай портер 1;13
трапеция дворников портер;79
трапеция портер 1;64
трапеция портер 2;62
замена трапеции портер;53
трапеция дворников портер 1;39
трапеция на портер;29
трос ручника портер;93
трос кпп портер;83
трос кпп портер 1;39
трос ручника портер 1;38
трос ручника хендай портер;24
трос ручника портер 2;24
трос ручника портер тагаз;22
ручник портер замена троса;21
трос кпп хендай портер 1;11
трос ручника портер тагаз длинный;7
замена тросов кпп на портер 1 цена;5
портер 1 труба;71
приемная труба портер;70
труба выхлопная портер;45
труба приемная на портер 1;32
хендай портер приемная труба;13
выхлопная труба портер 1;12
трубка портер;549
трубка портер 1;261
тормозные трубки портер;73
трубка турбины портер 1;40
трубки тормозные хендай портер;32
трубка гур портер;31
трубка масляная портер 1;30
трубка тормозная портер 1;29
трубка гур портер 1;17
турбина портер;1634
турбина портер 1;786
хендай портер турбина;394
турбина портер 2;216
турбина портер купить;201
турбина хендай портер 1;169
ремонт турбин портер;161
турбина портер тагаз;144
замена турбины портер;102
купить турбину портер 1;101
турбина хундай портер;91
турбина портер 1 тагаз;74
картридж турбины портер;69
турбина портер цена;67
турбина хендай портер 2;54
замена турбины портер 1;53
турбина портер 1 цена;49
ремонт турбин портер 1;46
турбина хендай портер тагаз;40
купить турбину хендай портер;39
замена турбины хендай портер;35
турбина на портер москва;32
турбины портер купить в москве;27
турбина хендай портер 1 тагаз;25
цена турбины хендай портер;22
купить турбину портер тагаз;22
купить турбину на портер 1 в москве;22
актуатор турбины портер 1;21
купить турбину на портер 2;21
купить турбину хендай портер 1;20
ремонт турбины хендай портер;17
картридж для турбины портер 1;17
замена турбины хендай портер 1;17
купить картридж турбины портер;16
как снять турбину портер 1;16
купить актуатор турбины на портер 1;13
хендай портер турбина сколько стоит;12
снятие турбины портер 1;11
какую турбину поставить на портер 1;8
хендай портер 2 купить турбину;8
турбина на портер 1 цена москве;8
купить картридж турбины хундай портер 2 d4cb;7
замена турбины портер 2;6
турбина портер 2 цена;6
замена картриджа на портере без снятие турбины;5
турбокомпрессор портер;45
турбокомпрессор портер 1;24
тяга реактивная портер;99
рулевая тяга портер;69
реактивная тяга портер 1;68
пропала тяга портер;40
тяга рулевая портер 1;28
хендай портер тяга реактивная;24
тяга пропал портер 1;14
хендай портер 1 пропала тяга;9
рулевая тяга портер 2;9
управление хендай портер;110
пульт управления рефрижератором портер;13
усилитель хендай портер;43
вакуумный усилитель портер;35
вакуумный усилитель портер 1;22
фара портер;964
фара портер 1;431
фара портер 2;178
фара противотуманная портер;158
фары хендай портер 1;155
фары портер купить;103
противотуманные фары портер 1;75
фара противотуманная хендай портер;66
хендай портер фары купить;50
фара портер 1 купить;49
фара хендай портер 2;46
замена фар портер;46
фары портер тагаз;34
задняя фара портер 1;29
фар для портер хендай;28
противотуманные фары хендай портер 1;28
фара хендай портер 1 купить;28
фара противотуманная портер 2;27
замена фары портер 1;22
задние фары на портер;19
снимаем фары портер 1;19
как правильно отрегулировать фары на портер;11
углы наклона фар на портере 1;11
снять фары хендай портер;11
как отрегулировать фары на портере 1;10
фары на портер 1 тюнинг;10
купить заднюю фару портер;10
фара противотуманная портер 1 тагаз;8
замена лампочки противотуманной фары портер 2;7
портер фильтра;2096
топливный фильтр портер;879
фильтр портер 1;810
фильтр хендай портер;796
фильтра портер 2;454
масляный фильтр портер;422
фильтр воздушный портер;356
топливный фильтр хендай портер;337
топливный фильтр портер 1;332
фильтра хендай портер 1;288
фильтр топливный портер 2;213
фильтра портер тагаз;191
фильтр масляный портер 1;180
хендай портер фильтр масляный;153
фильтр воздушный портер 1;134
фильтр воздушный хендай портер;128
салонный фильтр портер;121
топливный фильтр хендай портер 1;114
хендай портер 2 фильтр топливный;91
воздушный фильтр портер 2;81
фильтр масляный портер тагаз;79
купить топливный фильтр портер;78
хендай портер тагаз фильтра;77
фильтр масляный хендай портер 1;68
салонный фильтр хендай портер;67
замена топливного фильтра портера;60
салонный фильтр портер 1;57
фильтр масляный портер 2;57
фильтр топливный портер тагаз;56
подкачка топливного фильтра портер;49
фильтр воздушный хендай портер 1;46
сажевый фильтр портер;45
фильтр топливный хундай портер;43
фильтр воздушный хундай портер;39
фильтр воздушный портер тагаз;36
фильтр масляный портер 1 артикул;34
замена топливного фильтра хендай портер;33
фильтр масляный портер тагаз артикул;30
сажевый фильтр портер 2;30
как на портере поменять фильтра;28
фильтр топливный хендай портер тагаз;28
хендай портер 2 воздушный фильтр;26
салонный фильтр портер 2;26
фильтр масляный хендай портер тагаз;26
замена топливного фильтра портер 1;26
фильтр топливный портер тагаз артикул;23
топливный фильтр портер 1 дизель;23
фильтр масляный портер 1 тагаз;22
замена воздушного фильтра портер;22
фильтр топливный портер 1 артикул;21
замена топливного фильтра портер 2;21
фильтр масляный хундай портер;21
как поменять топливный фильтр на портере 1;18
фильтр воздушный портер тагаз артикул;17
фильтр масляный хендай портер 2;17
фильтр топливный портер 1 купить;17
фильтр масляный хендай портер 1 тагаз;16
хендай портер 1 фильтр масляный артикул;16
фильтр масляный портер 1 тагаз артикул;15
лягушка топливного фильтра портер;14
салонный фильтр портер 1 где стоит;14
фильтр воздушный портер 1 артикул;13
фильтр масляный хендай портер 1 тагаз артикул;12
масляный фильтр хендай портер 2 5 дизель;12
топливный фильтр хендай портер 2 цена оригинал;10
фильтр топливный с подкачкой на портер купить;9
где находится фильтр воздушный портер;8
фильтр воздушный портер 2 артикул;8
замена воздушного фильтра хендай портер;8
подкачка фильтра мобис с портер 1;7
фильтр топливный портер 2 артикул;7
фильтр топливный портер 1 оригинал;6
топливный фильтр хендай портер 1 дизель;6
фонарь портер;446
портер задние фонари;326
фонарь портер 1;177
фонарь задний портер 1;152
задние фонари хендай портер;93
фонарь задний портер 2;61
фонарь хундай портер;47
задний фонарь хендай портер 1;25
фонари задние хундай портер;23
фонарь портер тагаз;21
купить задний фонарь на портер 1;15
разъем заднего фонаря портер 1;8
улицы разбитых фонарей портер или уроки английского;5
форсунка портер;1004
форсунка портер 1;382
форсунки хендай портер;336
форсунки портер 2;274
форсунки хендай портер 1;107
форсунки хундай портер;102
форсунка хендай портер 2;74
форсунки портер тагаз;60
форсунки топливные портер;53
купить форсунки на портер;51
купить форсунки портер 1;51
замена форсунок портер;48
купить форсунки портер 2;46
ремонт форсунки портер;45
портер снять форсунки;35
форсунки портер 1 цена;28
форсунки портер 2 евро 5;27
форсунка топливная портер 2;24
форсунки на портер цена;24
форсунка топливная портер 1;21
форсунки хендай портер купить;21
шайба форсунки портер 1;20
замена форсунок портер 1;19
форсунки хендай портер цена;18
ремонт форсунок портер 1;17
хендай портер снять форсунки;15
хендай портер замена форсунок;14
форсунки портер 2 евро 4;12
форсунки на портер 2 цена;11
ремонт форсунки портер 2;10
где стоят форсунки хендай портер;6
форсунки на хендай портер 1 цена;6
куплю форсунки портер 2 евро 4;6
проблема с форсунками хендай портер 2 4bc;6
холостой ход на портере;102
холостой ход хендай портер;52
портер глохнет на ходу;25
хендай портер заглох на ходу;19
портер плохо заводится на холодную;95
портер не заводится на холодную;82
портер 1 плохо заводится на холодную;37
хендай портер плохо заводится на холодную;30
не заводится портер 1 на холодную;26
хендай портер не заводится на холодную;16
портер 1 на холодный низкие обороты;11
холодно ли в портере на платинум арене;10
портер 2 на холодную погоду плохо заводится;7
хендай портер 2 перестал заводиться на холодную;6
цилиндр портер;952
тормозной цилиндр портер;252
главный цилиндр портер 1;142
тормозной цилиндр портер 1;137
замена цилиндров портер;133
главный цилиндр хендай портер;113
главный тормозной цилиндр портер;108
задний тормозной цилиндр портер;89
замена главного цилиндра портер;78
главный цилиндр на портер;74
портер хендай на цилиндр;71
тормозной цилиндр хендай портер;65
цилиндр тормозной задний портер 1;57
главный тормозной цилиндр портер 1;51
главный тормозной цилиндр хендай портер;31
тормозной цилиндр портер тагаз;28
тормозной цилиндр портер 2;21
задний тормозной цилиндр хендай портер;19
замена главного тормозного цилиндра портер 1;13
цилиндр тормозной задний левый портер 1;5
