запчасти портер 1;178.48
запчасти портер;99.45
запчасти портер 1 тагаз;51.26
автозапчасти портер 1;40.65
генератор на портер 1;30.07
дверь на портер 2;27.29
432234a050;38.84
865114f500 в москве купить;19.54
ангара 77 автозапчасти хендай портер 1;59.81
блок предохранитель на портер 1;55.81
генератор портер 1;36.29
глушитель на портер 1 купить;32.58
запчасти porter;28.58
запчасти портер солдатик;33.69
купить глушитель на хендай портер;49.05
масляный фильтр портер 2;21.67
масляный шланг к генератор портер;31.42
опора кпп на портер 2;66.57
от портер 2 ступица подшипник код;43.87
пластиковые втулки для сайлентблоков хендай портер;59.85
провод минус на аккумулятор портер 1;10.01
радиатор печки для портер 1 купить во;49.05
реле эбу на портер 1;16.53
рокера на портер 1 цена;27.03
суппорт для хендай портер 1 цена;29.67
сцепление в сборе на портер один купить в москве цена;32.83
05200486a0;18.01
2110242h00a 2110242h00 oem porter портер;8.81
221334a700;22.6
2341042892;14.67
234104a952;11.52
281134f000;14.04
311024b000;36.57
311024b000 цена в москве;22.11
0;15.04
319254f800 купить москва;26.08
31970 43201 фильтр топливный в сборе фильтр топливный в сборе 3197043201 для хендай портер купить фильтр топливный в сборе на hyundai porter в москве;38.45
3197244002;23.69
3310442500;18.7
3380042500;8.05
3510042111;0.73
3671042020;5.67
3730042624;19.24
418604b013 шланг сцепления на хендай портер 1+ hyundai porter в москве;30.21
491004f945;25.06
530004b202;17.18
541604b700;14.54
551004f000;17.85
760044f010 дверь hyundai porter 2 правая огрунтованная+ уценка oe арт;21.53
865114f500;8.18
9421043861;24.98
966104f010 сигнал звуковой hyundai porter 2 mobis korea;23.19
hyundai porter 1 фильтр масляный оригинал;30.66
hyundai porter 2 каталог деталей;25.25
hyundai porter 2 колесные диски стоимость;13.56
hyundai porter h100 2006 года генератор;26.24
hyundai porter запчасти;17.73
porter hyundai каталог запчастей;31.22
авто питер.ру купить хундай портер 1 рессора;24.36
автозапчасти для портера;22.03
автозапчасти хендай портер 1 замок унитарный страны;9.71
амортизатор на портер 1;3.58
ангара 77 портер запчасти;18.93
барабан тормозной задний портер 1;19.12
бачок омывателя портер 1 цена;4.89
блок силовых предохранителей портер 1;26.13
блок управления на портер 2;5.86
брызговик передний портер 1;13.75
брызговики передние для портера 1;10.68
брызговики портер 1;1.78
бутка двери для портер;4.36
вкладыши 025 портер 1 d4bf;20.08
все предложения в москве и области о продаже форсунок омывателя лобового стекла для хендай портер портер н 100 контакты цена;24.33
втулки рессор на портер;22.6
высоковольтные предохранители на хендай портер 1 купить;16.61
газомаслянные амортизаторы портер 1;10.33
гбц в сборе для портера 1;22.81
гбц портер 1;23.14
гбц портер тагаз;48.82
генератор дизельный на портер 2 цена;15.41
генератор для портера 1 цена;11.83
генератор для хендай портер 1 купить в москве;39.5
генератор на портер 1 mando;4.99
генератор на хендай портер 1;27.7
генератор на хендай портер 1 купить в москве;38.56
генератор на хендай портер н-100;17.57
генератор портер 1 цена;10.15
генератор портер 2;33.28
генератор хендай портер 1;30.29
главный тормозной цилиндр хундай портер;28.43
главный цилиндр сцепления на портер 1;14.51
главный цилиндр сцепления хендай портер 1;39.5
глушитель задняя часть портер;34.63
глушитель на портер 1 задняя часть купить глушитель задняя часть на hyundai porter 2 в москве;19.23
глушитель на портер первый купить в москве;23.52
глушитель основной на портер 2;7.55
глушитель портер 1;11.29
глушитель портер 1 купить;10.5
глушитель портер 2 средняя часть;3.29
глушитель хендай портер 1 купить;20.85
глушитель хендай портер тагаз 1;32.43
головка блока на портер 1;46.32
головка блока портер 1;41.9
давление в шинах хендай портер;18.48
давление в шинах хендай портер 1;17.52
давление шин портер 2 перед;3.26
датчик 3920042030 купить;25.37
датчик давления масла хундай портер 2 2011 год купить;21.32
датчик давления масла хундай портер 2 2011 год купить;22.87
датчик коленвала портер 1 купить;10.77
датчик температуры охлаждающей жидкости в хендай портер;28.44
датчик температуры охлаждающей жидкости портер 1;28.85
датчик уровня масла портер 1;7.21
дверь водительская хундай портер 1 дверь хендай портер 1 двери хундай портер hyundai porter купить в москве на avito+;32.84
дворник на портер 1;5.85
дешевая резина на портер артикул;17.04
диаметр фар портер 1;10.24
диск колесный hyundai porter 1;17.87
диски портер;12.75
ДЛЯ ЧЕГО НА ГЕНЕРАТОРЕ ХЕНДЭ ПОРТЕР 1 СТОИТ МАСЛЯНЫЙ НАСОС;11.06
доводчик дверной porter;6.7
заглушка топливного фильтра портер 2;34.52
задние колеса на хундай портер 2;21.42
задние колодки портер тагаз;18.87
задний сальник коленвала портер 1;33.07
задний фонарь хендай портер 2;9.34
задняя часть глушителя на портер 1 купить в москве;14.96
задняя часть глушителя портер 1;10.94
задняя часть глушителя хендай портер тагаз 1;25.71
замок двери хендай портер 1;24.26
замок зажигания портер 1;2.51
замок зажигания портер два;11.65
замок зажигания хендай портер 1;10.14
замок зажигания хендай портер 1 купить цена;12.75
запчасти porter 1;16.3
запчасти для портер 2;4.26
запчасти на портер 1;19.7
запчасти на портер 1 на селигерской;15.69
запчасти на портер 1 рычаг;13.31
запчасти на портер 2 подольск;38.64
запчасти на портер h100;14.39
запчасти на портер москва;5.47
запчасти на хендай портер 1 передние двери;7.45
запчасти от спидометра на портер 1;50.31
запчасти портер 1 в москве;26.43
запчасти портер 1 купить в подольске;24.23
запчасти портер 1 на ленинградке;26.3
запчасти портер 2 купить в москве;12
запчасти портер 2 купить в москве;12.17
запчасти портер h100;12.13
запчасти портер габричевского;29.21
запчасти портер зеленоград;17.59
запчасти портер лавочкина;25.86
запчасти портер химки;18.89
запчасти хендай портер;41.71
запчасть магазин на портер;10.17
заслонка турбины портер 1;32.29
зеркала на портер 1;5.14
зеркало боковое правое портер 1;11.75
зеркало лев прав дуга на хендай портер 1 hyundai porter 8711543800;41.88
зеркало портер 2 передние;15.53
зеркало портер 2 электрическое с подогревом;12.31
капот на портер 1 цена;7.2
капот на портер 2;5.94
капот хендай портер 1 купить;17.52
картридж на турбину на портер;25.6
каталог портер 1 тагаз;4.69
каталог портер тагаз;6.37
клапан егр на портер 2 цена;6.76
клапан егр портер 1;14.68
клапан низкого давления хендай портер 1 когда заменить;11.24
клапан обратный тнвд портер 1;30.37
клапана выпускные hyundai porter 1;13.75
клемма аккумулятора минусовая на портер 1;7.53
клемма минус на портер 1;8.49
клипса уплотнителя двери ssangyong клипса уплотнителя клипса крепления уплотнителя двери 8213227100 porter портер;21.2
коврики для портера 1;6.09
колдун на портер 2;7.11
коленвал на портер 1;8.82
коленвал на портер 1 купить новый;30.03
коленвал на портер 1 купить новый оригинал;41.64
коленвал на хендай портер 1;31.1
коленвал на хендай портер один тагазовский купить;46.77
колесо бэушни для портера;13.57
количество масла в коробке портер 1;24.92
колодки барабанные портер 1;9.73
колодки заднии портер 2;20.27
колодки на хендай портер 1 оригинал;37.54
колодки передние портер 1;20.81
колодки портер 2;5.14
колодки ручного тормоза хендай портер артикул;30.54
колодки тормозные на хендай портер 2;24.65
комплект грм хендай портер 1 тагаз;29.1
комплект сцепления на портер 1;25.97
коробка на портер 1;12.22
коробка передач контрактная на портер 1;12.27
коробка передач контрактная на портер 1 в москве;28.69
косточка стабилизатора портер 2;17.03
косточки стабилизатора портер 2;16.52
кронштейн главного цилиндра сцепления портер кронштейн главного цилиндра сцепления портер 1 фиксатор+ штифт цилиндра сцепления главного в педали на хен;13.37
кронштейн масляного фильтра портер;12.08
крыло переднее на портер 1;12.06
крыло переднее хендай портер 1;22.13
крыло переднее хендай портер 1 купить;22.52
крышка бака портер 1;14
крышка генератора хендай портер;27.67
крышка топливного бака портер 1;19.07
кузовные запчасти на хендай портер 1;27.15
кулиса портер 2;23.68
купить 287004f260;12.53
КУпить В МОСКВЕ MOBIS (HYUNDAI/KIA) 230604A930 ВКЛАДЫШИ ШАТУННЫЕ;9.64
купить генератор на хендай портер 1 на нахимовском;14.33
купить генератор портер один;15.27
купить глушитель на портер 1;6.89
купить датчик уровня масла на портер 1;8.37
купить дверь на портер 1;9.31
купить диодный мост на генератор портер 2;15.34
купить диск сцепления портер 2;14.57
купить запчасти для хендай портер 1 в москве;57.65
купить зеркало на хендай портер 1 правое;10.55
купить капот на портер 2 12 года;4.38
купить капот на портер 2 12 года;8.81
купить коврик для портера;11.26
купить коврики на портер 2 2012;6.49
купить коленвал на портер один в районе каширского шоссе;22.25
купить комплект грм porter 2 оригинал;15.46
купить кпп хендай портер 1;34.2
купить кронштейны под задние фонари хендай портер;20.8
купить кронштейны под задние фонари хендай портер 2;25.01
купить левую дверь портер 2 двери на хендай портер 2 дверь левая porter 2 оригинал 760034f000 купить в интернет;29.54
купить на avito ru форсунку омывателя лобового стекла на хюндай портер каталожный номер 9861443400 porter porter контакт цена;12.82
купить на портер два задний диск колесо;30.61
купить основной кабель проводов на портер 1;3.73
купить поворотник передний хендай портер 1;37.34
купить провод на генератор портер форд торнео коннект 1.8 дизель;13.74
купить проводку задних фонарей портер магазины в которых можно купить проводка фонаря заднего 924194f000oem porter2 портер2;21.19
купить радиатор охлаждения хендай портер 1;10.83
купить радиатор печки портер 1;27.56
купить рессоры хендай портер 1;36.93
купить рулевую рейку на портер н 100;18.25
купить руль на портер 1;16.43
купить руль на хндай портер 1+ hyundai porter 2.5 л 2005 года на drive2;24.08
купить стартер для хендай портер 1;31.03
купить стартер на портер 1;19.11
купить стартер на портер 2 в москве;26.25
купить стартер на хендай портер 1 в москве;47.8
купить стекло щитка 9436043800 на хундай портер 1;9.32
купить сцепление на портер 1;24.97
купить тент на корейский портер 2;15.71
купить тормозная жидкость хендай портер 1;12.53
купить тормозную трубку на хендай портер 1;18.07
купить форсунки восстановленные на портер 2;18.4
купить форсунки на портер 2;8.76
купить форсунки на хендай портер 1;21.3
купить форсунку омывателя лобового стекла с чехлом утеплителем на хендай портер Н=100 2007 года выпуска;14.31
купить цилиндр суппорта и ремкомплект суппорта на портер 1;8.23
лампа птф хендай портер 2 2013;6.69
лампы применяемые на хендай портер 2007;23.3
лист рессоры портер 1;36.6
магазин запчастей портер в зао;6.62
магазин запчастей портер зеркало в видном;15.4
магнитола для хендай портер;13.21
масленка со спиралью на панели красная портер;14.68
масло в коробке портер 1;11.63
масло в мкпп хендай портер 1 тагаз;31.53
масляный насос на портер 1;13.87
масляный насос хендай портер 1;16.33
масляный фильтр портер 1;15.15
масляный фильтр портер 1 артикул;26.77
матадор резина на портер 185;3.73
мкпп портер 1 цена;20.3
момент затяжки гбц на портер 2;35.4
мотор печки на портер 1;14.43
мотор портер тагаз 2.5;34.42
моторное масло портер;23.97
моторчик печки портер 2;8.12
на хендай портер а что купить новые фары нового поколения и цена;11.72
насос генератора вакуумный портер 2;15.32
насос гура хендай портер 1;7.99
насос подкачки для портер 1;6.1
насос подкачки ручной хендай портер хендай портер топливный насос низкого давления насос топливный+ подкачка низкого давления на хендай портер;32.2
насос ручной подкачки портер 2;16.71
насос топливный хендай портер 1 цена;12.84
новые запчасти для хендай портер тагаз;47.52
обмен стартера хендай портер 1 город москва;15.78
основные значки на приборной панели хендай портер 1;3.85
панель передняя портер 1;10.98
панель приборов на хендай портер 1;10.93
параметры угла установки колес хендай портер 2;4.79
парковочное зеркало портер 2;19.04
педаль газа портер 2;12.38
передние колодки хендай портер 1 поколения;19.03
передние тормозные колодки на хендай портер;12.57
передняя втулка на рессору портер тагаз;24.35
передняя крышка генератора на хендай портер;24.39
печка отопления на портер;7.49
плата щитка приборов портер 1;8.71
поворотник портер 1;2.31
поворотники портер 1;7.39
поддон двс на портер 1;23.3
поддон картера на хендай портер 2 купить;17.62
поддон картера портер 1;7.5
подкрылок задний правый на хундай портер 2;12.89
подшипник задней ступицы комплект портер тагаз подшипник передней ступицы на портер 1 подшипник ступицы передней+ внутренний наружний сальник a;15.49
помпа для портера 2;7.59
помпа на портер 1 тагаз;11.94
помпа портер 2 цена;11.23
помпа портер 2 цена 25100 4a300 насос системы охлаждения+ помпа дв d4cb porter 2+ купить п;23.46
помпа хендай портер 1 дешевле;16.61
портер 1 блок предохранителей со жгутом цена;28.11
портер 1 блок предохранителей со жгутом цена жгут проводки портер неактивно;20.8
портер 1 задний фонарь купить;4.34
портер 1 запчасти;10.14
портер 1 механизм запасного колеса;14.82
портер 1 моторчик для печки москва;6.99
портер 1 рулевой наконечник цена;11.19
портер 1 тагаз сайлентблок переднего нижнего рычага 54522 4b010;14.07
портер 1 фильтр масляный;15.86
портер 100 подушка кпп 631501001;6.13
портер 2 запчасти;9.85
портер 2 противотуманка левая;6.82
портер 2 топливный фильтр с подкачкой;33.23
портер втулка вторичного вала втулка балансировочного вала задняя на хендай портер 2+ hyun;32
портер втулка вторичного вала втулка шестерни 4 й передачи вторичного вала евро запчасти;10.72
портер ком запчасти братеево;19.56
портер ремень гур и генератора оригинал купить;30.33
портер стартер цена;32.11
поршни на портер 1;10.55
постель гбц d4cb хендай портер 2;47.09
приборная панель хендай портер 1;8.11
привод спидометра портер 1;20.75
провод минус с клеммой на портер 1;2.81
провод плюс с клеммой на портер 2010;12.29
провода на портер 2;9.84
проводка задних фонарей портер 2;8.37
проводка от стартера хендай портер 1;39.01
проводка приборной доски портер 1;27.12
проводка форсунок портер 2;10.06
прокладка гбц портер 1;9.94
прокладка головки блока hyundai porter 1 метал 16s into m parts mall прокладка головки блока hyundai d4bx d4ba d4bb d4bf+ пр во p;23.01
прокладка головки блока hyundai porter 1 метал parts mall pga m089 прокладка головки блока+ металл hyundai porter 96my pmc 223;23.94
прокладка турбины портер 1;32.08
противотуманки на портер 1 купить;9.82
противотуманные фары купить портер 1;15.75
противотуманные фары купить портер 1;5.44
противотуманные фары на портер 1;5.09
противотуманные фары портер;10.8
птф хендай портер 1;22.61
рабочий цилиндр портер 1;54.91
радиатор печки портер 1;8.02
радиатор хендай портер 1 цена;22.69
радиаторы отопления хундай портер 1;29.58
распиновка фишек приборной панели хендай портер 1;4.15
распредвал портер;8.53
распредвал портер 1;5.69
распредвал хендай портер;16.15
распылители форсунок на хендай портер 1;11.61
распылители форсунок портер 1;19.45
Распылитель 3381542010;6.92
распылитель 3381542010;6.89
редуктор заднего моста портер 2;8.57
резистор печки на портер 1;13.67
реле поворотников porter 1;7.62
рем комплект для кулисы портер 2 5m5r7c453mb селектор переключения передач форд focus mk2 tdc;25.88
ремень генератора на портер 1;11.29
ремень генератора на хендай портер 1;20.47
ремень генератора портер 1;9.6
ремень грм в сборе на портер 1 цена;24.26
ремень приводной компрессора портер 2;29.89
ремкомплект для кулисы портер 2;16.42
ремкомплект задних колодок портер 2 пружина тормоза портер 2 запчасти портер;14.73
ремкомплект задних тормозных колодок портер тагаз;14.54
ремкомплект задних тормозов портер 1 тагаз рычаг колодок тормозных задних правый на хендай портер 1+ hy;58.13
ремкомплект суппорта портер 1;7.43
ремкомплект тормозного барабана porter 2 реле втягивающее+ код snls2809 1379 руб интернет магаз;15.38
ремни портер 1;14.31
рессора портер 1;19.73
рессоры комплект портер 1;17.61
рессоры лист no 2 на портер 1;27.19
рессоры на портер 1 купить в москве;11.98
рессоры на портер 2;40.36
руль хендай портер 1;12.98
руль хундай портер 1;24.28
ручка двери наружная портер 1;41.91
ручка двери наружная правая портер 1;35.18
ручка двери портер 1 наружная правая;21.28
ручной подкачивающий насос хундай портер;34.85
рычаг кпп портер 1 купить;28.31
сайлентблок амортизатора портер 1;9.12
сайлентблоки верхних рычагов портер 1;18.94
самая толстая прокладка гбц на porter;34.43
светодиодные фонари хендай портер 1;7.05
свеча накала портер 1;10.58
свеча накаливания портер 1 цена;22.62
свечи накаливания для хендай портер 1 купить в москве;14.12
свечи накаливания для хендай портер 1 цена;18.56
силовой предохранитель свечей накала хендай портер купить;28.07
силовой предохранитель хендай портер 1 купить;20.95
силовой предохранитель хендай портер купить;18.45
силовые предохранители портер 1 куплю;14.52
снятие тормозных дисков на хендай портер 100;22.69
спецком запчасти на портер;14.92
спидометр на портер 1 купить в москве;2.55
спидометр портер 1;32.18
стабилизатор печки на портер 1;11.85
стабилизатора портер 2;18.95
стартер hyundai porter 1;30.49
стартер hyundai porter дв d4bf;20.45
стартер на хендай портер 1;14.4
стартер портер 2;14.92
стойка стабилизатора переднего на хендай портер 2 артикул;27.25
ступица передняя портер 2 hyundai h100 ön teker poryası orjinal+ 5175147000+ epttavm;16.35
суппорт хендай портер 1;11.9
сцепление в сборе портер 1 тагаз;19.46
сцепление для хендай портер 2;21.47
сцепление портер 2;28.71
тент для портер;15.74
тент на портер 1 купить в москве;15.93
тент на портер 2 купить;5.42
тент на портер 2 купить новый цена;9.63
тент полог на хендэ портер 2;5.98
тент-полог на хендэ портер 2;7.08
термостат на портер 1;4.5
термостат портер 1;5.1
термостат портер 2 евро 5;16.24
топливный насос портер 1;15.5
топливный фильтр в сборе на хендай портер мкад 6 км;28.25
топливный фильтр на хендай портер 1;35.15
топливный фильтр портер 2;17.34
топливный фильтр хендай портер цена;19.74
тормозной барабан портер 1;15.78
тормозной диск для портера 1;16.28
тормозной цилиндр хендай портер 1;13.21
тормозные диски хендай портер 1;21.87
тормозные трубки для хендай портера 1 заднее левое колесо;16.21
тормозные.колодки.задние хендай портер 1;4.58
торсион правый портер 1;6.54
тройник вместо колдуна на портер 2;2.55
трос сцепления от портера цена;19.09
трубка масляного радиатора портер 1;12.61
трубка охлаждения турбины patrol rd28 трубка охлаждения турбины портер 1 охлаждение турбины 2.4.3.18 turbotrucks+ запчасти для гру;16.47
трубка тормозная левая портер 1;10.66
трубки на масляный радиатор портер 1;10.92
турбина на портер 1 купить цена;44.15
турбина на портер 1 купить цена;24.77
турбина на хендай портер 1 цена;34.94
турбина на хендай портер 282004b151 запчасти;8.03
турбина портер 1 тагаз;71.41
турбина хендай портер 1 тагаз;115.69
тяга реактивная портер 2;27.47
угловой редуктор хендай портер 2;18.75
уплотнитель окон дверей на портер 1;37.14
усилитель тормозов портер 1;17.27
фары на хендай портер 1 линзы;14.58
фильтр топливный портер 2;13.53
фильтр топливный портер в сборе;12.89
фильтра для портера 1;12.73
фонарь хундай портер 1 купить;21.35
форсунка омывателя портер 2;10.59
форсунки портер 1;12.89
форсунки портер 1 купить;17.87
фторопластовые втулки для сайлентблоков хендай портер;26.13
хендай портер 1 корпус печки салона;8.21
хендай портер 1 не работает спидометр;20.21
хендай портер 1 стартер;26.28
хендай портер 2 запчасти тормозной щит;17.37
хендай портер 2 купить фильтры;31.35
хендай портер 2 лампы;11.21
хендай портер 2 противотуманная лампочка;13.2
хендай портер 2 цепь грм цена;30.4
хендай портер 3 глушитель;16.73
хендай портер d4bf тагаз трос стояночного тормоза;26.41
хендай портер дверь левая купить;20.58
хендай портер задние фонари;13.48
хендай портер коллектор турбины;37.28
хендай портер тагаз каталог запчастей;52.96
хендай портер тагаз снятие печки;14.4
хундай портер купить ремень на генератор;19.63
цена кардан на портер 2;19.21
цена на гбц хундай портер;58.39
цилиндр сцепления главный porter 2 цилиндр сцепления главный портер 2 цилиндр сцепления главный porter ii tcic;17.75
цилиндр сцепления главный хендай портер 1 цена;30.64
черный 30 а эбу портер 1;14.88
шаровая опора правая нижняя хендай портер артикул;40.7
шина хендай портер 1;17.61
шины зимние на портер g star 165 80 r13;2.96
шины на портер 1;11.65
щетки генератора портер 1 купить;14.68
щиток приборов портер 1 купить в москве;3.85
электрический насос подкачки портер 1;11.69
